date,price,eps,pe,ticker
2021-04-16,134.16,$3.69,36.33,AAPL
2020-12-31,132.49,$3.69,35.88,AAPL
2020-09-30,115.44,$3.26,35.41,AAPL
2020-06-30,90.74,$3.29,27.6,AAPL
2020-03-31,63.08,$3.19,19.79,AAPL
2019-12-31,72.67,$3.17,22.96,AAPL
2019-09-30,55.27,$2.96,18.65,AAPL
2019-06-30,48.65,$2.93,16.59,AAPL
2019-03-31,46.51,$2.97,15.65,AAPL
2018-12-31,38.46,$3.04,12.65,AAPL
2018-09-30,54.85,$2.97,18.48,AAPL
2018-06-30,44.82,$2.76,16.25,AAPL
2018-03-31,40.46,$2.59,15.62,AAPL
2017-12-31,40.65,$2.43,16.71,AAPL
2017-09-30,36.89,$2.30,16.04,AAPL
2017-06-30,34.33,$2.20,15.61,AAPL
2017-03-31,34.11,$2.14,15.96,AAPL
2016-12-31,27.38,$2.09,13.12,AAPL
2016-09-30,26.59,$2.07,12.86,AAPL
2016-06-30,22.36,$2.14,10.45,AAPL
2016-03-31,25.34,$2.25,11.27,AAPL
2015-12-31,24.34,$2.36,10.34,AAPL
2015-09-30,25.32,$2.30,11.01,AAPL
2021-04-16,525.08,$11.49,45.7,ADBE
2021-02-28,459.67,$11.49,40.01,ADBE
2020-11-30,478.47,$10.84,44.14,ADBE
2020-08-31,513.39,$7.94,64.66,ADBE
2020-05-31,386.6,$7.58,51.0,ADBE
2020-02-29,345.12,$6.60,52.29,ADBE
2019-11-30,309.53,$6.00,51.59,ADBE
2019-08-31,284.51,$5.63,50.53,ADBE
2019-05-31,270.9,$5.36,50.54,ADBE
2019-02-28,262.5,$5.40,48.61,ADBE
2018-11-30,250.89,$5.21,48.16,ADBE
2018-08-31,263.51,$4.84,54.44,ADBE
2018-05-31,249.28,$4.34,57.44,ADBE
2018-02-28,209.13,$3.76,55.62,ADBE
2017-11-30,181.47,$3.39,53.53,ADBE
2017-08-31,155.16,$3.19,48.64,ADBE
2017-05-31,141.86,$2.89,49.09,ADBE
2017-02-28,118.34,$2.62,45.17,ADBE
2016-11-30,102.81,$2.32,44.31,ADBE
2016-08-31,102.31,$1.96,52.2,ADBE
2016-05-31,99.47,$1.76,56.52,ADBE
2016-02-29,85.15,$1.57,54.24,ADBE
2015-11-30,91.46,$1.24,73.76,ADBE
2021-04-16,9.33,$-34.80,0.0,AMC
2020-09-30,4.71,$-34.80,0.0,AMC
2020-06-30,4.29,$-26.92,0.0,AMC
2020-03-31,3.16,$-21.37,0.0,AMC
2019-12-31,7.19,$-1.74,0.0,AMC
2019-09-30,10.38,$-1.18,0.0,AMC
2019-06-30,8.89,$-1.47,0.0,AMC
2019-03-31,13.9,$-1.47,0.0,AMC
2018-12-31,11.34,$-0.08,0.0,AMC
2018-09-30,18.66,$-2.65,0.0,AMC
2018-06-30,13.32,$-2.16,0.0,AMC
2018-03-31,11.61,$-3.68,0.0,AMC
2017-12-31,12.32,$-3.75,0.0,AMC
2017-09-30,11.82,$-1.28,0.0,AMC
2017-06-30,18.03,$-0.64,0.0,AMC
2017-03-31,24.71,$0.95,26.02,AMC
2016-12-31,26.27,$1.17,22.45,AMC
2016-09-30,24.12,$1.26,19.15,AMC
2016-06-30,21.28,$1.07,19.89,AMC
2016-03-31,21.43,$1.28,16.74,AMC
2015-12-31,18.23,$1.05,17.36,AMC
2021-04-16,82.15,$2.04,40.27,AMD
2020-12-31,91.71,$2.04,44.96,AMD
2020-09-30,81.99,$0.74,110.8,AMD
2020-06-30,52.61,$0.53,99.26,AMD
2020-03-31,45.48,$0.43,105.77,AMD
2019-12-31,45.86,$0.30,152.87,AMD
2019-09-30,28.99,$0.19,152.58,AMD
2019-06-30,30.37,$0.17,178.65,AMD
2019-03-31,25.52,$0.25,102.08,AMD
2018-12-31,18.46,$0.32,57.69,AMD
2018-09-30,30.89,$0.34,90.85,AMD
2018-06-30,14.99,$0.32,46.84,AMD
2018-03-31,10.05,$0.19,52.89,AMD
2017-12-31,10.28,$0.03,342.67,AMD
2017-09-30,12.75,$-0.09,0.0,AMD
2017-06-30,12.48,$-0.66,0.0,AMD
2017-03-31,14.55,$-0.56,0.0,AMD
2016-12-31,11.34,$-0.62,0.0,AMD
2016-09-30,6.91,$-0.69,0.0,AMD
2016-06-30,5.14,$-0.44,0.0,AMD
2016-03-31,2.85,$-0.75,0.0,AMD
2015-12-31,2.87,$-0.84,0.0,AMD
2021-04-16,3399.44,$41.77,81.38,AMZN
2020-12-31,3256.93,$41.77,77.97,AMZN
2020-09-30,3148.73,$34.15,92.2,AMZN
2020-06-30,2758.82,$26.01,106.07,AMZN
2020-03-31,1949.72,$20.93,93.15,AMZN
2019-12-31,1847.84,$23.01,80.31,AMZN
2019-09-30,1735.91,$22.58,76.88,AMZN
2019-06-30,1893.63,$24.10,78.57,AMZN
2019-03-31,1780.75,$23.95,74.35,AMZN
2018-12-31,1501.97,$20.13,74.61,AMZN
2018-09-30,2003.0,$17.84,112.28,AMZN
2018-06-30,1699.8,$12.61,134.8,AMZN
2018-03-31,1447.34,$7.94,182.28,AMZN
2017-12-31,1169.47,$6.15,190.16,AMZN
2017-09-30,961.35,$3.94,244.0,AMZN
2017-06-30,968.0,$3.94,245.69,AMZN
2017-03-31,886.54,$5.32,166.64,AMZN
2016-12-31,749.87,$4.91,152.72,AMZN
2016-09-30,837.31,$4.37,191.6,AMZN
2016-06-30,715.62,$4.02,178.01,AMZN
2016-03-31,593.64,$2.43,244.3,AMZN
2015-12-31,675.89,$1.24,545.07,AMZN
2021-04-16,645.69,$9.81,65.82,ASML
2020-12-31,487.72,$9.81,49.72,ASML
2020-09-30,367.85,$8.94,41.15,ASML
2020-06-30,366.62,$7.64,47.99,ASML
2020-03-31,259.34,$6.94,37.37,ASML
2019-12-31,293.34,$7.34,39.96,ASML
2019-09-30,245.19,$6.48,37.84,ASML
2019-06-30,205.22,$6.68,30.72,ASML
2019-03-31,183.53,$7.04,26.07,ASML
2018-12-31,151.88,$7.16,21.21,ASML
2018-09-30,183.5,$6.81,26.95,ASML
2018-06-30,193.21,$6.47,29.86,ASML
2018-03-31,192.09,$5.92,32.45,ASML
2017-12-31,168.16,$5.49,30.63,ASML
2017-09-30,165.62,$5.05,32.8,ASML
2017-06-30,126.06,$4.57,27.58,ASML
2017-03-31,127.21,$4.42,28.78,ASML
2016-12-31,107.48,$3.81,28.21,ASML
2016-09-30,104.97,$3.22,32.6,ASML
2016-06-30,95.03,$3.01,31.57,ASML
2016-03-31,94.95,$3.04,31.23,ASML
2015-12-31,83.96,$3.52,23.85,ASML
2021-04-16,96.48,$2.83,34.09,ATVI
2020-12-31,92.4,$2.83,32.65,ATVI
2020-09-30,80.56,$2.86,28.17,ATVI
2020-06-30,75.53,$2.34,32.28,ATVI
2020-03-31,58.81,$2.02,29.11,ATVI
2019-12-31,58.75,$1.95,30.13,ATVI
2019-09-30,52.33,$2.11,24.8,ATVI
2019-06-30,46.67,$2.19,21.31,ATVI
2019-03-31,45.02,$2.28,19.74,ATVI
2018-12-31,45.68,$2.35,19.44,ATVI
2018-09-30,81.59,$0.74,110.26,ATVI
2018-06-30,74.85,$0.65,115.16,ATVI
2018-03-31,66.16,$0.45,147.03,ATVI
2017-12-31,61.78,$0.36,171.62,ATVI
2017-09-30,62.95,$1.46,43.11,ATVI
2017-06-30,56.17,$1.47,38.21,ATVI
2017-03-31,48.65,$1.32,36.86,ATVI
2016-12-31,35.02,$1.21,28.94,ATVI
2016-09-30,42.97,$1.09,39.42,ATVI
2016-06-30,38.44,$1.00,38.44,ATVI
2016-03-31,32.82,$1.12,29.31,ATVI
2015-12-31,37.24,$1.20,31.04,ATVI
2021-04-16,238.69,$8.58,27.82,BABA
2020-12-31,232.73,$8.58,27.12,BABA
2020-09-30,293.98,$6.97,42.18,BABA
2020-06-30,215.7,$9.28,23.24,BABA
2020-03-31,194.48,$7.99,24.34,BABA
2019-12-31,212.1,$9.30,22.81,BABA
2019-09-30,167.23,$8.33,20.08,BABA
2019-06-30,169.45,$5.59,30.31,BABA
2019-03-31,182.45,$4.92,37.08,BABA
2018-12-31,137.07,$3.91,35.06,BABA
2018-09-30,164.76,$3.48,47.34,BABA
2018-06-30,185.53,$3.39,54.73,BABA
2018-03-31,183.54,$3.72,49.34,BABA
2017-12-31,172.43,$3.86,44.67,BABA
2017-09-30,172.71,$3.45,50.06,BABA
2017-06-30,140.9,$2.88,48.92,BABA
2017-03-31,107.83,$2.49,43.31,BABA
2016-12-31,87.81,$2.22,39.55,BABA
2016-09-30,105.79,$1.98,53.43,BABA
2016-06-30,79.53,$2.93,27.14,BABA
2016-03-31,79.03,$4.41,17.92,BABA
2015-12-31,81.27,$4.26,19.08,BABA
2015-09-30,58.97,$3.87,15.24,BABA
2015-06-30,82.27,$2.67,30.81,BABA
2021-04-16,39.15,$1.87,20.94,BAC
2020-12-31,30.16,$1.87,16.13,BAC
2020-09-30,23.82,$2.02,11.79,BAC
2020-06-30,23.32,$2.07,11.27,BAC
2020-03-31,20.71,$2.44,8.49,BAC
2019-12-31,34.13,$2.74,12.46,BAC
2019-09-30,28.11,$2.70,10.41,BAC
2019-06-30,27.77,$2.80,9.92,BAC
2019-03-31,26.28,$2.69,9.77,BAC
2018-12-31,23.35,$2.61,8.95,BAC
2018-09-30,27.76,$2.11,13.16,BAC
2018-06-30,26.43,$1.93,13.7,BAC
2018-03-31,28.0,$1.76,15.91,BAC
2017-12-31,27.46,$1.55,17.72,BAC
2017-09-30,23.47,$1.75,13.41,BAC
2017-06-30,22.36,$1.68,13.31,BAC
2017-03-31,21.67,$1.58,13.72,BAC
2016-12-31,20.24,$1.38,14.67,BAC
2016-09-30,14.28,$1.26,11.34,BAC
2016-06-30,12.06,$1.22,9.88,BAC
2016-03-31,12.24,$1.31,9.34,BAC
2015-12-31,15.18,$1.37,11.08,BAC
2021-04-16,46.07,$3.83,12.03,BK
2020-12-31,42.11,$3.83,11.0,BK
2020-09-30,33.78,$4.56,7.41,BK
2020-06-30,37.7,$4.65,8.11,BK
2020-03-31,32.58,$4.65,7.01,BK
2019-12-31,48.35,$4.54,10.65,BK
2019-09-30,43.15,$3.86,11.18,BK
2019-06-30,41.86,$3.85,10.87,BK
2019-03-31,47.54,$3.87,12.29,BK
2018-12-31,44.14,$4.03,10.95,BK
2018-09-30,47.53,$4.27,11.13,BK
2018-06-30,50.01,$4.15,12.05,BK
2018-03-31,47.57,$4.00,11.89,BK
2017-12-31,49.52,$3.73,13.28,BK
2017-09-30,48.52,$3.42,14.19,BK
2017-06-30,46.48,$3.38,13.75,BK
2017-03-31,42.85,$3.25,13.19,BK
2016-12-31,42.81,$3.16,13.55,BK
2016-09-30,35.87,$2.96,12.12,BK
2016-06-30,34.78,$2.80,12.42,BK
2016-03-31,32.83,$2.78,11.81,BK
2015-12-31,36.57,$2.71,13.5,BK
2021-04-16,151.54,$-1.71,0.0,BNTX
2020-12-31,81.52,$-1.71,0.0,BNTX
2021-04-16,272.11,$18.44,14.76,BRK.B
2020-12-31,231.87,$18.44,12.57,BRK.B
2020-09-30,212.94,$15.04,14.16,BRK.B
2020-06-30,178.51,$9.13,19.55,BRK.B
2020-03-31,182.83,$3.99,45.82,BRK.B
2019-12-31,226.5,$33.24,6.81,BRK.B
2019-09-30,208.02,$10.99,18.93,BRK.B
2019-06-30,213.17,$11.76,18.13,BRK.B
2019-03-31,200.89,$10.89,18.45,BRK.B
2018-12-31,204.18,$1.62,126.04,BRK.B
2018-09-30,214.11,$25.12,8.52,BRK.B
2018-06-30,186.65,$19.25,9.7,BRK.B
2018-03-31,199.48,$16.11,12.38,BRK.B
2017-12-31,198.22,$18.22,10.88,BRK.B
2017-09-30,183.32,$7.58,24.18,BRK.B
2017-06-30,169.37,$8.85,19.14,BRK.B
2017-03-31,166.68,$9.15,18.22,BRK.B
2016-12-31,162.98,$9.77,16.68,BRK.B
2016-09-30,144.47,$9.44,15.3,BRK.B
2016-06-30,144.79,$10.34,14.0,BRK.B
2016-03-31,141.88,$9.94,14.27,BRK.B
2015-12-31,132.04,$9.77,13.51,BRK.B
2021-04-16,137.31,$-0.84,0.0,BYND
2020-12-31,125.0,$-0.84,0.0,BYND
2020-09-30,166.06,$-0.45,0.0,BYND
2020-06-30,133.98,$-0.08,0.0,BYND
2020-03-31,66.6,$-0.16,0.0,BYND
2021-04-16,231.91,$4.39,52.83,CRM
2021-01-31,225.56,$4.39,51.38,CRM
2020-10-31,232.27,$3.83,60.64,CRM
2020-07-31,194.85,$2.56,76.11,CRM
2020-04-30,161.95,$-0.18,0.0,CRM
2020-01-31,182.31,$0.20,911.55,CRM
2019-10-31,156.49,$0.94,166.48,CRM
2019-07-31,154.5,$1.19,129.83,CRM
2019-04-30,165.35,$1.47,112.48,CRM
2019-01-31,151.97,$1.44,105.53,CRM
2018-10-31,137.24,$1.07,128.26,CRM
2018-07-31,137.15,$1.01,135.79,CRM
2018-04-30,120.99,$0.64,189.05,CRM
2018-01-31,113.91,$0.17,670.06,CRM
2017-10-31,102.34,$0.01,10234.0,CRM
2017-07-31,90.8,$-0.11,0.0,CRM
2017-04-30,86.12,$0.20,430.6,CRM
2017-01-31,79.1,$0.27,292.96,CRM
2016-10-31,75.16,$0.30,250.53,CRM
2016-07-31,81.8,$0.31,263.87,CRM
2016-04-30,75.8,$-0.02,0.0,CRM
2016-01-31,68.06,$-0.07,0.0,CRM
2021-04-16,44.11,$2.44,18.08,CSIQ
2020-12-31,51.24,$2.44,21.0,CSIQ
2020-09-30,35.1,$3.45,10.17,CSIQ
2020-06-30,19.27,$4.26,4.52,CSIQ
2020-03-31,15.91,$4.96,3.21,CSIQ
2019-12-31,22.1,$2.83,7.81,CSIQ
2019-09-30,18.88,$3.52,5.36,CSIQ
2019-06-30,21.83,$3.65,5.98,CSIQ
2019-03-31,18.63,$2.87,6.49,CSIQ
2018-12-31,14.34,$3.88,3.7,CSIQ
2018-09-30,14.5,$3.08,4.71,CSIQ
2018-06-30,12.24,$2.21,5.54,CSIQ
2018-03-31,16.27,$2.58,6.31,CSIQ
2017-12-31,16.86,$1.63,10.34,CSIQ
2017-09-30,16.84,$0.39,43.18,CSIQ
2017-06-30,15.92,$0.44,36.18,CSIQ
2017-03-31,12.27,$0.49,25.04,CSIQ
2016-12-31,12.18,$1.11,10.97,CSIQ
2016-09-30,13.74,$2.39,5.75,CSIQ
2016-06-30,15.12,$2.65,5.71,CSIQ
2016-03-31,19.28,$2.28,8.46,CSIQ
2015-12-31,28.96,$2.93,9.88,CSIQ
2015-09-30,16.63,$3.63,4.58,CSIQ
2015-06-30,28.6,$4.05,7.06,CSIQ
2015-03-31,33.39,$4.13,8.08,CSIQ
2021-04-16,187.26,$-2.74,0.0,DIS
2020-12-31,181.18,$-2.74,0.0,DIS
2020-09-30,124.08,$-1.59,0.0,DIS
2020-06-30,111.51,$-0.62,0.0,DIS
2020-03-31,96.6,$2.96,32.64,DIS
2019-12-31,144.63,$6.26,23.1,DIS
2019-09-30,129.54,$6.96,18.61,DIS
2019-06-30,137.95,$7.93,17.4,DIS
2019-03-31,109.69,$8.91,12.31,DIS
2018-12-31,108.33,$7.31,14.82,DIS
2018-09-30,114.63,$8.36,13.71,DIS
2018-06-30,101.92,$7.94,12.84,DIS
2018-03-31,97.67,$7.50,13.02,DIS
2017-12-31,104.55,$7.05,14.83,DIS
2017-09-30,95.09,$5.69,16.71,DIS
2017-06-30,101.73,$5.66,17.97,DIS
2017-03-31,108.56,$5.74,18.91,DIS
2016-12-31,99.78,$5.54,18.01,DIS
2016-09-30,88.24,$5.72,15.43,DIS
2016-06-30,92.29,$5.57,16.57,DIS
2016-03-31,93.69,$5.43,17.25,DIS
2015-12-31,99.14,$5.36,18.5,DIS
2015-09-30,95.81,$4.90,19.55,DIS
2021-04-16,141.05,$4.03,35.0,EA
2020-12-31,143.42,$4.03,35.59,EA
2020-09-30,130.07,$4.49,28.97,EA
2020-06-30,131.71,$6.75,19.51,EA
2020-03-31,99.91,$10.25,9.75,EA
2019-12-31,107.23,$9.51,11.28,EA
2019-09-30,97.57,$9.19,10.62,EA
2019-06-30,101.0,$7.13,14.17,EA
2019-03-31,101.37,$3.33,30.44,EA
2018-12-31,78.71,$4.59,17.15,EA
2018-09-30,120.18,$3.13,38.4,EA
2018-06-30,140.66,$2.23,63.07,EA
2018-03-31,120.93,$3.34,36.21,EA
2017-12-31,104.79,$3.20,32.75,EA
2017-09-30,117.76,$3.80,30.99,EA
2017-06-30,105.45,$3.74,28.19,EA
2017-03-31,89.29,$3.08,28.99,EA
2016-12-31,78.56,$4.06,19.35,EA
2016-09-30,85.18,$3.92,21.73,EA
2016-06-30,75.57,$3.60,20.99,EA
2016-03-31,65.94,$3.52,18.73,EA
2015-12-31,68.54,$1.92,35.7,EA
2015-09-30,67.58,$2.50,27.03,EA
2015-06-30,66.33,$2.96,22.41,EA
2015-03-31,58.66,$2.68,21.89,EA
2021-04-16,150.01,$0.90,166.68,ENPH
2020-12-31,175.47,$0.90,194.97,ENPH
2020-09-30,82.59,$1.28,64.52,ENPH
2020-06-30,47.57,$1.23,38.67,ENPH
2020-03-31,32.29,$1.69,19.11,ENPH
2019-12-31,26.13,$1.21,21.6,ENPH
2019-09-30,22.23,$0.34,65.38,ENPH
2019-06-30,18.23,$0.08,227.88,ENPH
2019-03-31,9.23,$-0.04,0.0,ENPH
2018-12-31,4.73,$-0.12,0.0,ENPH
2018-09-30,4.85,$-0.16,0.0,ENPH
2018-06-30,6.73,$-0.21,0.0,ENPH
2018-03-31,4.57,$-0.31,0.0,ENPH
2017-12-31,2.41,$-0.55,0.0,ENPH
2017-09-30,1.52,$-0.73,0.0,ENPH
2017-06-30,0.87,$-1.05,0.0,ENPH
2017-03-31,1.37,$-1.27,0.0,ENPH
2016-12-31,1.01,$-1.38,0.0,ENPH
2016-09-30,1.18,$-1.52,0.0,ENPH
2016-06-30,1.99,$-1.11,0.0,ENPH
2016-03-31,2.33,$-0.76,0.0,ENPH
2015-12-31,3.51,$-0.49,0.0,ENPH
2021-04-16,219.99,$2.63,83.65,ETSY
2020-12-31,177.91,$2.63,67.65,ETSY
2020-09-30,121.63,$1.80,67.57,ETSY
2020-06-30,106.23,$1.22,87.07,ETSY
2020-03-31,38.44,$0.61,63.02,ETSY
2019-12-31,44.3,$0.75,59.07,ETSY
2019-09-30,56.5,$0.82,68.9,ETSY
2019-06-30,61.37,$0.85,72.2,ETSY
2019-03-31,67.22,$0.74,90.84,ETSY
2018-12-31,47.57,$0.60,79.28,ETSY
2018-09-30,51.38,$0.64,80.28,ETSY
2018-06-30,42.19,$0.70,60.27,ETSY
2018-03-31,28.06,$0.77,36.44,ETSY
2017-12-31,20.45,$0.67,30.52,ETSY
2017-09-30,16.88,$0.12,140.67,ETSY
2017-06-30,15.0,$-0.11,0.0,ETSY
2017-03-31,10.63,$-0.27,0.0,ETSY
2016-12-31,11.78,$-0.26,0.0,ETSY
2016-09-30,14.28,$-0.11,0.0,ETSY
2016-06-30,9.59,$-0.15,0.0,ETSY
2016-03-31,8.7,$-0.16,0.0,ETSY
2021-04-16,306.18,$10.10,30.31,FB
2020-12-31,273.16,$10.10,27.05,FB
2020-09-30,261.9,$8.78,29.83,FB
2020-06-30,227.07,$8.19,27.73,FB
2020-03-31,166.8,$7.30,22.85,FB
2019-12-31,205.25,$6.44,31.87,FB
2019-09-30,178.08,$6.26,28.45,FB
2019-06-30,193.0,$5.90,32.71,FB
2019-03-31,166.69,$6.73,24.77,FB
2018-12-31,131.09,$7.57,17.32,FB
2018-09-30,164.46,$6.63,24.81,FB
2018-06-30,194.32,$6.46,30.08,FB
2018-03-31,159.79,$6.04,26.46,FB
2017-12-31,176.46,$5.39,32.74,FB
2017-09-30,170.87,$5.16,33.11,FB
2017-06-30,150.98,$4.39,34.39,FB
2017-03-31,142.05,$3.78,37.58,FB
2016-12-31,115.05,$3.26,35.29,FB
2016-09-30,128.27,$2.59,49.53,FB
2016-06-30,114.28,$2.08,54.94,FB
2016-03-31,114.1,$1.62,70.43,FB
2015-12-31,104.66,$1.28,81.77,FB
2021-04-16,216.17,$-0.43,0.0,FVRR
2020-12-31,195.1,$-0.43,0.0,FVRR
2020-09-30,138.98,$-0.43,0.0,FVRR
2020-06-30,73.82,$-0.68,0.0,FVRR
2020-03-31,25.17,$-1.56,0.0,FVRR
2021-04-16,90.5,$8.19,11.05,FLGT
2020-12-31,52.1,$8.19,6.36,FLGT
2020-09-30,40.04,$2.02,19.82,FLGT
2020-06-30,16.0,$0.12,133.33,FLGT
2020-03-31,10.76,$0.00,0.0,FLGT
2019-12-31,12.9,$-0.01,0.0,FLGT
2019-09-30,10.39,$-0.05,0.0,FLGT
2019-06-30,6.68,$-0.16,0.0,FLGT
2019-03-31,5.95,$-0.24,0.0,FLGT
2018-12-31,3.17,$-0.25,0.0,FLGT
2018-09-30,3.93,$-0.30,0.0,FLGT
2018-06-30,4.14,$-0.33,0.0,FLGT
2018-03-31,4.0,$-0.27,0.0,FLGT
2017-12-31,4.38,$-0.15,0.0,FLGT
2017-09-30,4.79,$0.00,0.0,FLGT
2017-06-30,6.39,$-0.38,0.0,FLGT
2021-04-16,13.39,$0.57,23.49,GE
2020-12-31,10.79,$0.57,18.93,GE
2020-09-30,6.22,$0.36,17.28,GE
2020-06-30,6.81,$-0.58,0.0,GE
2020-03-31,7.9,$-0.33,0.0,GE
2019-12-31,11.09,$-0.62,0.0,GE
2019-09-30,8.88,$-0.61,0.0,GE
2019-06-30,10.42,$-2.15,0.0,GE
2019-03-31,9.9,$-2.07,0.0,GE
2018-12-31,7.23,$-2.62,0.0,GE
2018-09-30,10.77,$-3.82,0.0,GE
2018-06-30,12.86,$-0.99,0.0,GE
2018-03-31,12.62,$-0.93,0.0,GE
2017-12-31,16.2,$-0.72,0.0,GE
2017-09-30,22.3,$0.80,27.87,GE
2017-06-30,24.66,$0.81,30.45,GE
2017-03-31,26.99,$0.98,27.54,GE
2016-12-31,28.39,$0.90,31.54,GE
2016-09-30,26.41,$1.15,22.97,GE
2016-06-30,27.85,$1.18,23.61,GE
2016-03-31,27.92,$0.75,37.23,GE
2015-12-31,27.14,$-0.59,0.0,GE
2021-04-16,154.69,$-4.25,0.0,GME
2020-10-31,10.47,$-4.25,0.0,GME
2020-07-31,4.01,$-4.98,0.0,GME
2020-04-30,5.73,$-7.42,0.0,GME
2020-01-31,3.84,$-4.78,0.0,GME
2019-10-31,5.44,$-6.94,0.0,GME
2019-07-31,4.02,$-10.70,0.0,GME
2019-04-30,8.65,$-6.79,0.0,GME
2019-01-31,10.96,$-6.58,0.0,GME
2018-10-31,13.72,$-5.78,0.0,GME
2018-07-31,13.24,$-0.41,0.0,GME
2018-04-30,12.21,$0.05,244.25,GME
2018-01-31,14.69,$0.35,41.97,GME
2017-10-31,16.01,$3.43,4.67,GME
2017-07-31,18.21,$3.33,5.47,GME
2017-04-30,18.73,$3.38,5.54,GME
2017-01-31,19.92,$3.43,5.81,GME
2016-10-31,19.27,$3.75,5.14,GME
2016-07-31,24.48,$3.79,6.46,GME
2016-04-30,25.61,$3.76,6.81,GME
2016-01-31,20.22,$3.81,5.31,GME
2021-04-16,2297.76,$58.70,39.14,GOOG
2020-12-31,1751.88,$58.70,29.84,GOOG
2020-09-30,1469.6,$51.75,28.4,GOOG
2020-06-30,1413.61,$45.47,31.09,GOOG
2020-03-31,1162.81,$49.55,23.47,GOOG
2019-12-31,1337.02,$49.18,27.19,GOOG
2019-09-30,1219.0,$46.60,26.16,GOOG
2019-06-30,1080.91,$49.54,21.82,GOOG
2019-03-31,1173.31,$39.87,29.43,GOOG
2018-12-31,1035.61,$43.70,23.7,GOOG
2018-09-30,1193.47,$26.58,44.9,GOOG
2018-06-30,1115.65,$23.09,48.32,GOOG
2018-03-31,1031.79,$23.56,43.79,GOOG
2017-12-31,1046.4,$17.96,58.26,GOOG
2017-09-30,959.11,$29.87,32.11,GOOG
2017-06-30,908.73,$27.55,32.98,GOOG
2017-03-31,829.56,$29.54,28.08,GOOG
2016-12-31,771.82,$27.83,27.73,GOOG
2016-09-30,777.29,$27.33,28.44,GOOG
2016-06-30,692.1,$25.81,26.82,GOOG
2016-03-31,744.95,$23.74,31.38,GOOG
2015-12-31,758.88,$22.92,33.11,GOOG
2021-04-16,521.18,$-1.91,0.0,HUBS
2020-12-31,396.44,$-1.91,0.0,HUBS
2020-09-30,292.23,$-1.81,0.0,HUBS
2020-06-30,224.35,$-1.67,0.0,HUBS
2020-03-31,133.19,$-1.41,0.0,HUBS
2019-12-31,158.5,$-1.27,0.0,HUBS
2019-09-30,151.61,$-1.32,0.0,HUBS
2019-06-30,170.52,$-1.45,0.0,HUBS
2019-03-31,166.21,$-1.52,0.0,HUBS
2018-12-31,125.73,$-1.66,0.0,HUBS
2018-09-30,150.95,$-1.68,0.0,HUBS
2018-06-30,125.4,$-1.49,0.0,HUBS
2018-03-31,108.3,$-1.27,0.0,HUBS
2017-12-31,88.4,$-1.08,0.0,HUBS
2017-09-30,84.05,$-1.16,0.0,HUBS
2017-06-30,65.75,$-1.17,0.0,HUBS
2017-03-31,60.55,$-1.23,0.0,HUBS
2016-12-31,47.0,$-1.30,0.0,HUBS
2016-09-30,57.62,$-1.21,0.0,HUBS
2016-06-30,43.42,$-1.31,0.0,HUBS
2016-03-31,43.62,$-1.33,0.0,HUBS
2015-12-31,56.31,$-1.38,0.0,HUBS
2021-04-16,64.75,$4.94,13.11,INTC
2020-12-31,49.53,$4.94,10.03,INTC
2020-09-30,51.11,$5.10,10.02,INTC
2020-06-30,58.65,$5.43,10.8,INTC
2020-03-31,52.76,$5.16,10.23,INTC
2019-12-31,58.06,$4.72,12.3,INTC
2019-09-30,49.72,$4.26,11.67,INTC
2019-06-30,45.88,$4.29,10.69,INTC
2019-03-31,51.15,$4.42,11.57,INTC
2018-12-31,44.42,$4.48,9.92,INTC
2018-09-30,44.48,$3.21,13.86,INTC
2018-06-30,46.48,$2.77,16.78,INTC
2018-03-31,48.42,$2.30,21.05,INTC
2017-12-31,42.63,$1.98,21.53,INTC
2017-09-30,34.96,$2.86,12.22,INTC
2017-06-30,30.75,$2.61,11.78,INTC
2017-03-31,32.63,$2.30,14.19,INTC
2016-12-31,32.58,$2.11,15.44,INTC
2016-09-30,33.65,$2.12,15.87,INTC
2016-06-30,29.02,$2.07,14.02,INTC
2016-03-31,28.37,$2.35,12.07,INTC
2015-12-31,29.95,$2.34,12.8,INTC
2021-04-16,415.82,$6.61,62.91,INTU
2021-01-31,360.72,$6.61,54.57,INTU
2020-10-31,313.74,$7.45,42.11,INTU
2020-07-31,304.92,$6.92,44.06,INTU
2020-04-30,268.07,$5.07,52.87,INTU
2020-01-31,277.99,$6.18,44.98,INTU
2019-10-31,254.81,$5.99,42.54,INTU
2019-07-31,273.87,$5.90,46.42,INTU
2019-04-30,247.51,$6.25,39.6,INTU
2019-01-31,212.38,$5.62,37.79,INTU
2018-10-31,207.16,$4.82,42.98,INTU
2018-07-31,200.1,$4.62,43.31,INTU
2018-04-30,180.7,$4.53,39.89,INTU
2018-01-31,163.81,$3.64,45.0,INTU
2017-10-31,146.99,$3.77,38.99,INTU
2017-07-31,133.19,$3.72,35.8,INTU
2017-04-30,121.23,$3.47,34.94,INTU
2017-01-31,114.48,$3.71,30.86,INTU
2016-10-31,104.67,$3.75,27.91,INTU
2016-07-31,106.51,$3.76,28.33,INTU
2016-04-30,96.56,$3.97,24.32,INTU
2016-01-31,91.15,$1.81,50.36,INTU
2015-10-31,92.69,$1.49,62.21,INTU
2015-07-31,100.29,$1.31,76.56,INTU
2021-04-16,54.44,$2.40,22.68,JBL
2021-02-28,43.17,$2.40,17.99,JBL
2020-11-30,38.15,$1.39,27.45,JBL
2020-08-31,34.02,$0.34,100.05,JBL
2020-05-31,29.74,$0.24,123.9,JBL
2020-02-29,31.76,$0.86,36.93,JBL
2019-11-30,38.41,$1.31,29.32,JBL
2019-08-31,28.43,$1.81,15.71,JBL
2019-05-31,24.27,$1.13,21.47,JBL
2019-02-28,27.95,$1.10,25.4,JBL
2018-11-30,24.5,$0.88,27.84,JBL
2018-08-31,28.91,$0.47,61.51,JBL
2018-05-31,27.58,$1.06,26.02,JBL
2018-02-28,26.34,$0.67,39.32,JBL
2017-11-30,27.97,$0.57,49.07,JBL
2017-08-31,30.31,$0.69,43.92,JBL
2017-05-31,28.85,$0.64,45.07,JBL
2017-02-28,24.53,$0.81,30.28,JBL
2016-11-30,20.27,$1.11,18.26,JBL
2016-08-31,20.23,$1.32,15.33,JBL
2016-05-31,18.15,$1.57,11.56,JBL
2016-02-29,19.74,$1.91,10.34,JBL
2015-11-30,24.12,$1.77,13.63,JBL
2015-08-31,18.18,$1.46,12.45,JBL
2021-04-16,77.04,$2.62,29.4,JD
2020-09-30,77.61,$2.62,29.62,JD
2020-06-30,60.18,$1.99,30.24,JD
2020-03-31,40.5,$0.56,72.32,JD
2019-12-31,35.23,$1.20,29.36,JD
2019-09-30,28.21,$0.37,76.24,JD
2019-06-30,30.29,$0.61,49.66,JD
2019-03-31,30.15,$0.33,91.36,JD
2018-12-31,20.93,$-0.24,0.0,JD
2018-09-30,26.09,$0.14,186.36,JD
2018-06-30,38.95,$-0.06,0.0,JD
2018-03-31,40.49,$0.12,337.42,JD
2017-12-31,41.42,$-0.03,0.0,JD
2017-09-30,38.2,$-0.11,0.0,JD
2017-06-30,39.22,$-0.31,0.0,JD
2017-03-31,31.11,$-0.29,0.0,JD
2016-12-31,25.44,$-0.41,0.0,JD
2016-09-30,26.09,$-1.09,0.0,JD
2016-06-30,21.23,$-1.05,0.0,JD
2016-03-31,26.5,$-1.08,0.0,JD
2015-12-31,32.27,$-1.06,0.0,JD
2015-09-30,26.06,$-0.25,0.0,JD
2015-06-30,34.1,$-0.21,0.0,JD
2015-03-31,29.38,$-1.09,0.0,JD
2021-04-16,162.24,$5.51,29.44,JNJ
2020-12-31,156.4,$5.51,28.39,JNJ
2020-09-30,146.93,$6.36,23.1,JNJ
2020-06-30,137.87,$6.84,20.16,JNJ
2020-03-31,127.66,$7.56,16.89,JNJ
2019-12-31,141.09,$6.78,20.81,JNJ
2019-09-30,124.28,$6.40,19.42,JNJ
2019-06-30,133.79,$6.03,22.19,JNJ
2019-03-31,133.37,$5.40,24.7,JNJ
2018-12-31,122.32,$5.61,21.8,JNJ
2018-09-30,130.13,$0.50,260.26,JNJ
2018-06-30,113.52,$0.43,264.01,JNJ
2018-03-31,119.01,$0.38,313.19,JNJ
2017-12-31,128.94,$0.39,330.61,JNJ
2017-09-30,119.25,$5.76,20.7,JNJ
2017-06-30,120.57,$5.92,20.37,JNJ
2017-03-31,112.78,$5.95,18.95,JNJ
2016-12-31,103.64,$5.88,17.63,JNJ
2016-09-30,105.54,$5.65,18.68,JNJ
2016-06-30,107.65,$5.32,20.24,JNJ
2016-03-31,95.35,$5.50,17.34,JNJ
2015-12-31,89.87,$5.49,16.37,JNJ
2021-04-16,53.68,$1.79,29.99,KO
2020-12-31,54.39,$1.79,30.38,KO
2020-09-30,48.58,$1.92,25.3,KO
2020-06-30,43.61,$2.12,20.57,KO
2020-03-31,42.8,$2.32,18.45,KO
2019-12-31,53.09,$2.07,25.65,KO
2019-09-30,51.83,$1.80,28.8,KO
2019-06-30,48.13,$1.64,29.34,KO
2019-03-31,43.94,$1.57,27.99,KO
2018-12-31,44.02,$1.50,29.35,KO
2018-09-30,42.6,$0.65,65.54,KO
2018-06-30,40.11,$0.54,74.28,KO
2018-03-31,39.36,$0.32,123.02,KO
2017-12-31,41.22,$0.27,152.66,KO
2017-09-30,40.11,$1.05,38.2,KO
2017-06-30,39.65,$0.96,41.3,KO
2017-03-31,37.22,$1.43,26.02,KO
2016-12-31,36.04,$1.50,24.03,KO
2016-09-30,36.48,$1.65,22.11,KO
2016-06-30,38.75,$1.74,22.27,KO
2016-03-31,39.35,$1.66,23.71,KO
2015-12-31,36.16,$1.67,21.65,KO
2021-04-16,113.45,$5.46,20.78,LOGI
2020-12-31,97.19,$5.46,17.8,LOGI
2020-09-30,77.31,$3.93,19.67,LOGI
2020-06-30,64.49,$2.80,23.03,LOGI
2020-03-31,42.45,$2.65,16.02,LOGI
2019-12-31,46.64,$1.64,28.44,LOGI
2019-09-30,40.29,$1.62,24.87,LOGI
2019-06-30,38.64,$1.57,24.61,LOGI
2019-03-31,38.23,$1.53,24.99,LOGI
2018-12-31,30.4,$1.48,20.54,LOGI
2018-09-30,43.46,$1.29,33.69,LOGI
2018-06-30,42.05,$1.25,33.64,LOGI
2018-03-31,35.18,$1.24,28.37,LOGI
2017-12-31,32.22,$1.19,27.08,LOGI
2017-09-30,34.92,$1.30,26.86,LOGI
2017-06-30,34.53,$1.24,27.85,LOGI
2017-03-31,30.02,$1.15,26.11,LOGI
2016-12-31,23.33,$1.17,19.94,LOGI
2016-09-30,21.16,$0.97,21.81,LOGI
2016-06-30,14.95,$0.80,18.69,LOGI
2016-03-31,14.61,$0.71,20.58,LOGI
2015-12-31,13.84,$0.64,21.63,LOGI
2015-09-30,12.04,$0.63,19.11,LOGI
2015-06-30,12.98,$0.74,17.55,LOGI
2015-03-31,11.65,$0.83,14.03,LOGI
2021-04-16,386.17,$6.38,60.53,MA
2020-12-31,356.08,$6.38,55.81,MA
2020-09-30,336.96,$6.67,50.52,MA
2020-06-30,294.25,$7.23,40.7,MA
2020-03-31,240.02,$7.82,30.69,MA
2019-12-31,296.3,$7.94,37.32,MA
2019-09-30,269.16,$6.74,39.93,MA
2019-06-30,261.86,$6.49,40.35,MA
2019-03-31,232.75,$5.99,38.86,MA
2018-12-31,186.48,$5.60,33.3,MA
2018-09-30,219.8,$4.94,44.49,MA
2018-06-30,193.79,$4.46,43.45,MA
2018-03-31,172.48,$4.06,42.48,MA
2017-12-31,148.81,$3.65,40.77,MA
2017-09-30,138.61,$4.30,32.23,MA
2017-06-30,119.0,$4.04,29.46,MA
2017-03-31,109.99,$3.83,28.72,MA
2016-12-31,100.77,$3.69,27.31,MA
2016-09-30,99.14,$3.62,27.39,MA
2016-06-30,85.59,$3.40,25.17,MA
2016-03-31,91.67,$3.32,27.61,MA
2015-12-31,94.25,$3.35,28.14,MA
2021-04-16,245.74,$4.14,59.36,MASI
2020-12-31,268.38,$4.14,64.83,MASI
2020-09-30,236.06,$3.85,61.31,MASI
2020-06-30,227.99,$3.86,59.06,MASI
2020-03-31,177.12,$3.69,48.0,MASI
2019-12-31,158.06,$3.44,45.95,MASI
2019-09-30,148.79,$3.35,44.41,MASI
2019-06-30,148.82,$3.51,42.4,MASI
2019-03-31,138.28,$3.51,39.4,MASI
2018-12-31,107.37,$3.46,31.03,MASI
2018-09-30,124.54,$2.64,47.17,MASI
2018-06-30,97.65,$2.32,42.09,MASI
2018-03-31,87.95,$2.36,37.27,MASI
2017-12-31,84.8,$2.36,35.93,MASI
2017-09-30,86.56,$6.32,13.7,MASI
2017-06-30,91.18,$6.14,14.85,MASI
2017-03-31,93.26,$5.88,15.86,MASI
2016-12-31,67.4,$5.59,12.06,MASI
2016-09-30,59.49,$2.08,28.6,MASI
2016-06-30,52.52,$1.92,27.35,MASI
2016-03-31,41.84,$1.71,24.47,MASI
2015-12-31,41.51,$1.56,26.61,MASI
2021-04-16,233.08,$6.31,36.94,MCD
2020-12-31,213.25,$6.31,33.79,MCD
2020-09-30,216.84,$6.55,33.11,MCD
2020-06-30,181.18,$6.31,28.71,MCD
2020-03-31,161.32,$7.63,21.14,MCD
2019-12-31,191.56,$7.88,24.31,MCD
2019-09-30,206.81,$7.62,27.14,MCD
2019-06-30,198.96,$7.61,26.14,MCD
2019-03-31,180.88,$7.54,23.99,MCD
2018-12-31,168.08,$7.54,22.29,MCD
2018-09-30,157.38,$6.59,23.88,MCD
2018-06-30,146.5,$6.81,21.51,MCD
2018-03-31,145.28,$6.61,21.98,MCD
2017-12-31,158.89,$6.36,24.98,MCD
2017-09-30,143.79,$6.93,20.75,MCD
2017-06-30,139.74,$6.11,22.87,MCD
2017-03-31,117.53,$5.66,20.76,MCD
2016-12-31,109.56,$5.42,20.21,MCD
2016-09-30,103.03,$5.29,19.48,MCD
2016-06-30,106.66,$5.19,20.55,MCD
2016-03-31,110.58,$5.20,21.27,MCD
2015-12-31,103.16,$4.81,21.45,MCD
2021-04-16,260.74,$6.71,38.86,MSFT
2020-12-31,221.91,$6.71,33.07,MSFT
2020-09-30,209.29,$6.19,33.81,MSFT
2020-06-30,202.02,$5.75,35.13,MSFT
2020-03-31,156.12,$6.00,26.02,MSFT
2019-12-31,155.69,$5.74,27.12,MSFT
2019-09-30,136.79,$5.31,25.76,MSFT
2019-06-30,131.8,$5.07,26.0,MSFT
2019-03-31,115.62,$4.50,25.69,MSFT
2018-12-31,99.15,$4.31,23.0,MSFT
2018-09-30,111.15,$2.41,46.12,MSFT
2018-06-30,95.46,$2.11,45.24,MSFT
2018-03-31,87.98,$1.80,48.88,MSFT
2017-12-31,82.07,$1.46,56.22,MSFT
2017-09-30,71.11,$2.94,24.19,MSFT
2017-06-30,65.46,$2.70,24.24,MSFT
2017-03-31,62.19,$2.26,27.52,MSFT
2016-12-31,58.33,$2.12,27.51,MSFT
2016-09-30,53.71,$2.08,25.82,MSFT
2016-06-30,47.42,$2.05,23.13,MSFT
2016-03-31,50.82,$1.26,40.33,MSFT
2015-12-31,50.69,$1.40,36.21,MSFT
2015-09-30,40.11,$1.49,26.92,MSFT
2015-06-30,39.8,$1.46,27.26,MSFT
2021-04-16,170.81,$-1.94,0.0,MRNA
2020-12-31,104.47,$-1.94,0.0,MRNA
2020-09-30,70.75,$-1.62,0.0,MRNA
2020-06-30,64.21,$-1.40,0.0,MRNA
2020-03-31,29.95,$-1.50,0.0,MRNA
2019-12-31,19.56,$-1.55,0.0,MRNA
2019-09-30,15.92,$-1.18,0.0,MRNA
2021-04-16,546.54,$6.09,89.74,NFLX
2020-12-31,540.73,$6.09,88.79,NFLX
2020-09-30,500.03,$6.20,80.65,NFLX
2020-06-30,455.04,$5.93,76.74,NFLX
2020-03-31,375.5,$4.94,76.01,NFLX
2019-12-31,323.57,$4.13,78.35,NFLX
2019-09-30,267.62,$3.13,85.5,NFLX
2019-06-30,367.32,$2.55,144.05,NFLX
2019-03-31,356.56,$2.80,127.34,NFLX
2018-12-31,267.66,$2.68,99.87,NFLX
2018-09-30,374.13,$2.79,134.1,NFLX
2018-06-30,391.43,$2.19,178.74,NFLX
2018-03-31,295.35,$1.49,198.22,NFLX
2017-12-31,191.96,$1.25,153.57,NFLX
2017-09-30,181.35,$0.99,183.18,NFLX
2017-06-30,149.41,$0.82,182.21,NFLX
2017-03-31,147.81,$0.76,194.49,NFLX
2016-12-31,123.8,$0.42,294.76,NFLX
2016-09-30,98.55,$0.37,266.35,NFLX
2016-06-30,91.48,$0.32,285.88,NFLX
2016-03-31,102.23,$0.29,352.52,NFLX
2015-12-31,114.38,$0.28,402.32,NFLX
2021-04-16,134.31,$2.12,63.35,NKE
2021-02-28,134.78,$2.12,63.58,NKE
2020-11-30,134.16,$1.75,76.66,NKE
2020-08-31,111.44,$1.67,66.73,NKE
2020-05-31,97.97,$1.58,62.01,NKE
2020-02-29,88.61,$2.71,32.7,NKE
2019-11-30,92.43,$2.86,32.32,NKE
2019-08-31,83.32,$2.68,31.09,NKE
2019-05-31,75.87,$2.49,30.47,NKE
2019-02-28,83.86,$2.56,32.76,NKE
2018-11-30,73.48,$1.31,56.09,NKE
2018-08-31,80.17,$1.25,64.14,NKE
2018-05-31,69.67,$1.15,60.58,NKE
2018-02-28,64.84,$1.06,61.17,NKE
2017-11-30,58.26,$2.31,25.22,NKE
2017-08-31,50.92,$2.35,21.67,NKE
2017-05-31,50.74,$2.51,20.22,NKE
2017-02-28,54.57,$2.40,22.74,NKE
2016-11-30,47.63,$2.27,20.98,NKE
2016-08-31,54.68,$2.22,24.63,NKE
2016-05-31,52.23,$2.16,24.18,NKE
2016-02-29,58.11,$2.16,26.9,NKE
2015-11-30,62.25,$2.06,30.29,NKE
2015-08-31,52.45,$1.98,26.56,NKE
2015-05-31,47.72,$1.85,25.8,NKE
2021-04-16,227.35,$-6.79,0.0,NVAX
2020-12-31,111.51,$-6.79,0.0,NVAX
2020-09-30,108.35,$-5.22,0.0,NVAX
2020-06-30,83.35,$-2.75,0.0,NVAX
2020-03-31,13.58,$-4.14,0.0,NVAX
2019-12-31,3.98,$-5.76,0.0,NVAX
2019-09-30,5.02,$-7.23,0.0,NVAX
2019-06-30,5.86,$-8.89,0.0,NVAX
2019-03-31,11.02,$-9.60,0.0,NVAX
2018-12-31,36.8,$-10.20,0.0,NVAX
2018-09-30,37.6,$-10.80,0.0,NVAX
2018-06-30,26.8,$-11.40,0.0,NVAX
2018-03-31,42.0,$-12.20,0.0,NVAX
2017-12-31,24.8,$-12.60,0.0,NVAX
2017-09-30,22.8,$-13.60,0.0,NVAX
2017-06-30,23.0,$-15.40,0.0,NVAX
2017-03-31,25.6,$-18.00,0.0,NVAX
2016-12-31,25.2,$-20.60,0.0,NVAX
2016-09-30,41.6,$-22.20,0.0,NVAX
2016-06-30,145.4,$-19.80,0.0,NVAX
2016-03-31,103.2,$-15.60,0.0,NVAX
2015-12-31,167.8,$-11.80,0.0,NVAX
2021-04-16,636.5,$6.89,92.38,NVDA
2021-01-31,519.42,$6.89,75.39,NVDA
2020-10-31,501.05,$6.11,82.0,NVDA
2020-07-31,424.2,$5.44,77.98,NVDA
2020-04-30,291.88,$5.35,54.56,NVDA
2020-01-31,235.96,$4.52,52.2,NVDA
2019-10-31,200.47,$3.91,51.27,NVDA
2019-07-31,168.09,$4.43,37.94,NVDA
2019-04-30,180.12,$5.29,34.05,NVDA
2019-01-31,142.9,$6.63,21.55,NVDA
2018-10-31,209.59,$7.49,27.98,NVDA
2018-07-31,243.29,$6.85,35.52,NVDA
2018-04-30,223.32,$6.01,37.16,NVDA
2018-01-31,243.92,$4.82,50.61,NVDA
2017-10-31,205.09,$4.03,50.89,NVDA
2017-07-31,161.02,$3.53,45.61,NVDA
2017-04-30,103.24,$3.01,34.3,NVDA
2017-01-31,107.93,$2.55,42.33,NVDA
2016-10-31,70.24,$1.91,36.77,NVDA
2016-07-31,56.26,$1.52,37.01,NVDA
2016-04-30,34.92,$1.17,29.84,NVDA
2016-01-31,28.68,$1.08,26.56,NVDA
2021-04-16,199.38,$0.15,1329.2,NXPI
2020-12-31,158.52,$0.15,1056.83,NXPI
2020-09-30,124.13,$-0.53,0.0,NXPI
2020-06-30,113.09,$-0.07,0.0,NXPI
2020-03-31,81.95,$0.84,97.56,NXPI
2019-12-31,125.26,$0.85,147.36,NXPI
2019-09-30,107.08,$1.39,77.04,NXPI
2019-06-30,95.46,$6.61,14.44,NXPI
2019-03-31,86.22,$6.63,13.0,NXPI
2018-12-31,71.29,$6.87,10.38,NXPI
2018-09-30,82.91,$8.10,10.24,NXPI
2018-06-30,105.67,$2.81,37.61,NXPI
2018-03-31,113.15,$2.79,40.55,NXPI
2017-12-31,113.24,$6.41,17.67,NXPI
2017-09-30,109.37,$4.61,23.72,NXPI
2017-06-30,105.85,$4.56,23.21,NXPI
2017-03-31,100.09,$4.38,22.85,NXPI
2016-12-31,94.78,$-0.57,0.0,NXPI
2016-09-30,98.65,$2.62,37.65,NXPI
2016-06-30,75.76,$3.85,19.68,NXPI
2016-03-31,78.4,$5.12,15.31,NXPI
2015-12-31,81.48,$5.82,14.0,NXPI
2021-04-16,78.95,$2.51,31.45,ORCL
2021-02-28,64.23,$2.51,25.59,ORCL
2020-11-30,57.25,$3.30,17.35,ORCL
2020-08-31,56.53,$3.19,17.72,ORCL
2020-05-31,52.9,$3.10,17.07,ORCL
2020-02-29,48.44,$3.18,15.23,ORCL
2019-11-30,54.74,$3.15,17.38,ORCL
2019-08-31,50.54,$3.07,16.46,ORCL
2019-05-31,48.92,$3.01,16.25,ORCL
2019-02-28,50.18,$2.76,18.18,ORCL
2018-11-30,46.75,$1.02,45.83,ORCL
2018-08-31,46.58,$0.93,50.08,ORCL
2018-05-31,44.62,$0.88,50.7,ORCL
2018-02-28,48.19,$0.82,58.77,ORCL
2017-11-30,46.48,$2.33,19.95,ORCL
2017-08-31,47.5,$2.29,20.74,ORCL
2017-05-31,42.67,$2.20,19.4,ORCL
2017-02-28,39.87,$2.10,18.99,ORCL
2016-11-30,37.48,$2.07,18.1,ORCL
2016-08-31,38.29,$2.10,18.23,ORCL
2016-05-31,37.2,$2.07,17.97,ORCL
2016-02-29,33.91,$2.03,16.71,ORCL
2015-11-30,35.78,$2.09,17.12,ORCL
2015-08-31,33.92,$2.14,15.85,ORCL
2015-05-31,39.63,$2.22,17.85,ORCL
2021-04-16,38.57,$1.71,22.56,PFE
2020-12-31,36.41,$1.71,21.29,PFE
2020-09-30,34.07,$1.55,21.98,PFE
2020-06-30,30.06,$2.52,11.93,PFE
2020-03-31,29.7,$2.80,10.61,PFE
2019-12-31,35.29,$2.87,12.3,PFE
2019-09-30,32.05,$2.86,11.21,PFE
2019-06-30,38.28,$2.19,17.48,PFE
2019-03-31,37.2,$1.95,19.08,PFE
2018-12-31,37.91,$1.86,20.38,PFE
2018-09-30,37.98,$3.95,9.62,PFE
2018-06-30,31.0,$3.73,8.31,PFE
2018-03-31,30.04,$3.59,8.37,PFE
2017-12-31,30.38,$3.51,8.65,PFE
2017-09-30,29.67,$1.62,18.31,PFE
2017-06-30,27.65,$1.36,20.33,PFE
2017-03-31,27.89,$1.18,23.63,PFE
2016-12-31,26.21,$1.16,22.6,PFE
2016-09-30,27.06,$1.13,23.95,PFE
2016-06-30,27.9,$1.26,22.14,PFE
2016-03-31,23.27,$1.35,17.24,PFE
2015-12-31,25.09,$1.24,20.24,PFE
2021-04-16,88.3,$-0.18,0.0,PLNT
2020-12-31,77.63,$-0.18,0.0,PLNT
2020-09-30,61.62,$0.07,880.29,PLNT
2020-06-30,60.57,$0.42,144.21,PLNT
2020-03-31,48.7,$1.19,40.92,PLNT
2019-12-31,74.68,$1.40,53.34,PLNT
2019-09-30,57.87,$1.33,43.51,PLNT
2019-06-30,72.44,$1.22,59.38,PLNT
2019-03-31,68.72,$1.10,62.47,PLNT
2018-12-31,53.62,$1.01,53.09,PLNT
2018-09-30,54.03,$0.68,79.46,PLNT
2018-06-30,43.94,$0.66,66.58,PLNT
2018-03-31,37.77,$0.53,71.26,PLNT
2017-12-31,34.63,$0.44,78.7,PLNT
2017-09-30,26.98,$0.66,40.88,PLNT
2017-06-30,23.34,$0.56,41.68,PLNT
2017-03-31,19.27,$0.51,37.78,PLNT
2016-12-31,20.1,$0.46,43.7,PLNT
2016-09-30,17.62,$0.34,51.83,PLNT
2016-06-30,16.58,$0.30,55.26,PLNT
2021-04-16,269.87,$3.54,76.23,PYPL
2020-12-31,234.2,$3.54,66.16,PYPL
2020-09-30,197.03,$2.65,74.35,PYPL
2020-06-30,174.23,$2.18,79.92,PYPL
2020-03-31,95.74,$1.58,60.59,PYPL
2019-12-31,108.17,$2.07,52.26,PYPL
2019-09-30,103.59,$2.13,48.63,PYPL
2019-06-30,114.46,$2.10,54.5,PYPL
2019-03-31,103.84,$1.85,56.13,PYPL
2018-12-31,84.09,$1.71,49.18,PYPL
2018-09-30,87.84,$1.72,51.07,PYPL
2018-06-30,83.27,$1.67,49.86,PYPL
2018-03-31,75.87,$1.57,48.32,PYPL
2017-12-31,73.62,$1.47,50.08,PYPL
2017-09-30,64.03,$1.29,49.64,PYPL
2017-06-30,53.67,$1.25,42.94,PYPL
2017-03-31,43.02,$1.18,36.46,PYPL
2016-12-31,39.47,$1.16,34.03,PYPL
2016-09-30,40.97,$1.14,35.94,PYPL
2016-06-30,36.51,$1.12,32.6,PYPL
2021-04-16,138.21,$5.85,23.63,QCOM
2020-12-31,151.59,$5.85,25.91,QCOM
2020-09-30,116.6,$4.53,25.74,QCOM
2020-06-30,89.9,$2.37,37.93,QCOM
2020-03-31,66.16,$3.38,19.58,QCOM
2019-12-31,85.64,$3.52,24.33,QCOM
2019-09-30,73.49,$3.59,20.47,QCOM
2019-06-30,72.72,$2.82,25.79,QCOM
2019-03-31,54.02,$1.89,28.58,QCOM
2018-12-31,53.3,$1.58,33.74,QCOM
2018-09-30,66.74,$-3.32,0.0,QCOM
2018-06-30,51.54,$-2.86,0.0,QCOM
2018-03-31,50.35,$-3.10,0.0,QCOM
2017-12-31,57.68,$-2.84,0.0,QCOM
2017-09-30,46.32,$1.65,28.07,QCOM
2017-06-30,48.81,$2.61,18.7,QCOM
2017-03-31,50.18,$3.00,16.73,QCOM
2016-12-31,56.53,$3.28,17.24,QCOM
2016-09-30,58.93,$3.81,15.47,QCOM
2016-06-30,45.7,$3.41,13.4,QCOM
2016-03-31,43.21,$3.17,13.63,QCOM
2015-12-31,41.84,$3.02,13.85,QCOM
2015-09-30,44.54,$3.20,13.92,QCOM
2021-04-16,213.3,$1.11,192.16,RGEN
2020-12-31,191.63,$1.11,172.64,RGEN
2020-09-30,147.54,$0.82,179.93,RGEN
2020-06-30,123.61,$0.58,213.12,RGEN
2020-03-31,96.54,$0.45,214.53,RGEN
2019-12-31,92.5,$0.44,210.23,RGEN
2019-09-30,76.69,$0.49,156.51,RGEN
2019-06-30,85.95,$0.56,153.48,RGEN
2019-03-31,59.08,$0.45,131.29,RGEN
2018-12-31,52.74,$0.36,146.5,RGEN
2018-09-30,55.46,$0.51,108.75,RGEN
2018-06-30,47.04,$0.52,90.46,RGEN
2018-03-31,36.18,$0.70,51.69,RGEN
2017-12-31,36.28,$0.71,51.1,RGEN
2017-09-30,38.32,$0.59,64.95,RGEN
2017-06-30,41.44,$0.51,81.25,RGEN
2017-03-31,35.2,$0.38,92.63,RGEN
2016-12-31,30.82,$0.34,90.65,RGEN
2016-09-30,30.19,$0.20,150.95,RGEN
2016-06-30,27.36,$0.25,109.44,RGEN
2016-03-31,26.82,$0.25,107.28,RGEN
2015-12-31,28.29,$0.29,97.55,RGEN
2021-04-16,252.42,$-2.94,0.0,SE
2020-09-30,154.04,$-2.94,0.0,SE
2020-06-30,107.24,$-2.07,0.0,SE
2020-03-31,44.31,$-1.72,0.0,SE
2019-12-31,40.22,$-2.97,0.0,SE
2019-09-30,30.95,$-3.16,0.0,SE
2019-06-30,33.22,$-3.80,0.0,SE
2019-03-31,23.52,$-4.05,0.0,SE
2018-12-31,11.32,$-2.83,0.0,SE
2018-09-30,13.83,$-2.92,0.0,SE
2021-04-16,118.34,$0.56,211.32,SBUX
2020-12-31,106.52,$0.56,190.22,SBUX
2020-09-30,85.14,$0.77,110.58,SBUX
2020-06-30,72.53,$1.11,65.34,SBUX
2020-03-31,64.45,$2.81,22.93,SBUX
2019-12-31,85.79,$3.06,28.04,SBUX
2019-09-30,85.85,$2.93,29.3,SBUX
2019-06-30,81.09,$2.82,28.76,SBUX
2019-03-31,71.91,$2.31,31.13,SBUX
2018-12-31,61.97,$2.25,27.54,SBUX
2018-09-30,54.4,$3.21,16.95,SBUX
2018-06-30,46.43,$3.19,14.56,SBUX
2018-03-31,54.74,$3.05,17.95,SBUX
2017-12-31,54.01,$3.03,17.82,SBUX
2017-09-30,50.24,$1.97,25.5,SBUX
2017-06-30,54.3,$1.97,27.56,SBUX
2017-03-31,54.15,$2.01,26.94,SBUX
2016-12-31,51.25,$1.95,26.28,SBUX
2016-09-30,49.75,$1.90,26.19,SBUX
2016-06-30,52.31,$1.79,29.22,SBUX
2016-03-31,54.48,$1.69,32.23,SBUX
2015-12-31,54.6,$1.63,33.49,SBUX
2015-09-30,51.53,$1.82,28.31,SBUX
2021-04-16,258.71,$2.72,95.11,SEDG
2020-12-31,319.12,$2.72,117.32,SEDG
2020-09-30,238.35,$3.42,69.69,SEDG
2020-06-30,138.78,$3.40,40.82,SEDG
2020-03-31,81.88,$3.36,24.37,SEDG
2019-12-31,95.09,$2.89,32.9,SEDG
2019-09-30,83.72,$2.13,39.31,SEDG
2019-06-30,62.46,$2.27,27.52,SEDG
2019-03-31,37.68,$2.33,16.17,SEDG
2018-12-31,35.1,$2.69,13.05,SEDG
2018-09-30,37.65,$2.84,13.26,SEDG
2018-06-30,47.85,$2.50,19.14,SEDG
2018-03-31,52.6,$2.28,23.07,SEDG
2017-12-31,37.55,$1.85,20.3,SEDG
2017-09-30,28.55,$1.43,19.97,SEDG
2017-06-30,20.0,$1.20,16.67,SEDG
2017-03-31,15.6,$1.09,14.31,SEDG
2016-12-31,12.4,$1.29,9.61,SEDG
2016-09-30,17.23,$1.84,9.36,SEDG
2016-06-30,19.6,$1.78,11.01,SEDG
2016-03-31,25.14,$1.39,18.09,SEDG
2015-12-31,28.17,$0.88,32.01,SEDG
2021-04-16,111.1,$8.15,13.63,SONY
2020-12-31,101.1,$8.15,12.4,SONY
2020-09-30,76.75,$6.98,11.0,SONY
2020-06-30,68.92,$4.90,14.06,SONY
2020-03-31,59.0,$4.24,13.91,SONY
2019-12-31,67.53,$4.77,14.16,SONY
2019-09-30,58.72,$6.02,9.75,SONY
2019-06-30,51.87,$5.83,8.9,SONY
2019-03-31,41.82,$6.35,6.59,SONY
2018-12-31,47.59,$5.61,8.48,SONY
2018-09-30,59.79,$4.71,12.69,SONY
2018-06-30,50.42,$4.41,11.43,SONY
2018-03-31,47.55,$3.37,14.11,SONY
2017-12-31,44.09,$3.68,11.98,SONY
2017-09-30,36.62,$1.78,20.57,SONY
2017-06-30,37.34,$0.92,40.59,SONY
2017-03-31,32.98,$0.52,63.43,SONY
2016-12-31,27.33,$-0.29,0.0,SONY
2016-09-30,32.38,$0.36,89.95,SONY
2016-06-30,28.54,$0.54,52.86,SONY
2016-03-31,25.01,$0.96,26.06,SONY
2015-12-31,23.85,$0.82,29.09,SONY
2015-09-30,23.74,$0.67,35.44,SONY
2015-06-30,27.43,$-0.69,0.0,SONY
2015-03-31,25.87,$-1.04,0.0,SONY
2021-04-16,292.02,$-3.79,0.0,SPOT
2020-12-31,314.66,$-3.79,0.0,SPOT
2020-09-30,242.57,$-4.26,0.0,SPOT
2020-06-30,258.19,$-3.17,0.0,SPOT
2020-03-31,121.44,$-1.54,0.0,SPOT
2019-12-31,149.55,$-2.22,0.0,SPOT
2019-09-30,114.0,$-0.55,0.0,SPOT
2019-06-30,146.22,$-0.69,0.0,SPOT
2019-03-31,138.8,$-2.81,0.0,SPOT
2021-04-16,99.98,$1.97,50.75,SSTK
2020-12-31,71.53,$1.97,36.31,SSTK
2020-09-30,51.79,$1.39,37.26,SSTK
2020-06-30,34.69,$0.91,38.12,SSTK
2020-03-31,31.76,$0.47,67.57,SSTK
2019-12-31,42.15,$0.56,75.27,SSTK
2019-09-30,35.5,$0.86,41.28,SSTK
2019-06-30,38.52,$0.93,41.42,SSTK
2019-03-31,45.84,$0.83,55.22,SSTK
2018-12-31,35.4,$1.54,22.98,SSTK
2018-09-30,53.65,$1.18,45.47,SSTK
2018-06-30,44.07,$1.11,39.7,SSTK
2018-03-31,44.71,$1.21,36.95,SSTK
2017-12-31,39.96,$0.48,83.25,SSTK
2017-09-30,30.91,$0.69,44.8,SSTK
2017-06-30,40.93,$0.81,50.53,SSTK
2017-03-31,38.4,$0.92,41.74,SSTK
2016-12-31,44.13,$0.90,49.03,SSTK
2016-09-30,59.15,$0.82,72.14,SSTK
2016-06-30,42.53,$0.67,63.48,SSTK
2016-03-31,34.11,$0.62,55.01,SSTK
2015-12-31,30.03,$0.54,55.61,SSTK
2021-04-16,129.48,$4.28,30.25,TER
2020-12-31,119.8,$4.28,27.99,TER
2020-09-30,79.33,$3.98,19.93,TER
2020-06-30,84.28,$3.52,23.94,TER
2020-03-31,53.94,$3.02,17.86,TER
2019-12-31,67.8,$2.67,25.39,TER
2019-09-30,57.49,$2.71,21.22,TER
2019-06-30,47.48,$2.59,18.33,TER
2019-03-31,39.4,$2.56,15.39,TER
2018-12-31,30.97,$2.37,13.07,TER
2018-09-30,36.4,$1.04,35.0,TER
2018-06-30,37.39,$0.93,40.21,TER
2018-03-31,44.79,$1.28,35.0,TER
2017-12-31,40.95,$1.27,32.24,TER
2017-09-30,36.41,$2.14,17.01,TER
2017-06-30,29.26,$1.93,15.16,TER
2017-03-31,30.25,$-0.04,0.0,TER
2016-12-31,24.64,$-0.22,0.0,TER
2016-09-30,20.89,$-0.55,0.0,TER
2016-06-30,19.0,$-0.52,0.0,TER
2016-03-31,20.78,$1.06,19.6,TER
2015-12-31,19.83,$0.97,20.44,TER
2021-04-16,739.78,$0.63,1181.76,TSLA
2020-12-31,705.67,$0.63,1127.27,TSLA
2020-09-30,429.01,$0.50,861.47,TSLA
2020-06-30,215.96,$0.38,562.4,TSLA
2020-03-31,104.8,$-0.18,0.0,TSLA
2019-12-31,83.67,$-1.01,0.0,TSLA
2019-09-30,48.17,$-0.97,0.0,TSLA
2019-06-30,44.69,$-0.78,0.0,TSLA
2019-03-31,55.97,$-1.16,0.0,TSLA
2018-12-31,66.56,$-1.18,0.0,TSLA
2018-09-30,52.95,$-2.13,0.0,TSLA
2018-06-30,68.59,$-3.22,0.0,TSLA
2018-03-31,53.23,$-2.79,0.0,TSLA
2017-12-31,62.27,$-2.36,0.0,TSLA
2017-09-30,68.22,$-1.71,0.0,TSLA
2017-06-30,72.32,$-0.94,0.0,TSLA
2017-03-31,55.66,$-0.95,0.0,TSLA
2016-12-31,42.74,$-0.97,0.0,TSLA
2016-09-30,40.81,$-1.30,0.0,TSLA
2016-06-30,42.46,$-1.69,0.0,TSLA
2016-03-31,45.95,$-1.56,0.0,TSLA
2015-12-31,48.0,$-1.38,0.0,TSLA
2021-04-16,718.86,$4.91,146.41,TTD
2020-12-31,801.0,$4.91,163.14,TTD
2020-09-30,518.78,$2.92,177.66,TTD
2020-06-30,406.5,$2.48,163.91,TTD
2020-03-31,193.0,$2.54,75.98,TTD
2019-12-31,259.78,$2.25,115.46,TTD
2019-09-30,187.55,$2.03,92.39,TTD
2019-06-30,227.78,$2.07,110.04,TTD
2019-03-31,197.95,$1.92,103.1,TTD
2018-12-31,116.06,$1.91,60.76,TTD
2018-09-30,150.91,$1.45,104.08,TTD
2018-06-30,93.8,$1.24,75.65,TTD
2018-03-31,49.62,$1.24,40.02,TTD
2017-12-31,45.73,$1.15,39.77,TTD
2017-09-30,61.51,$1.01,60.9,TTD
2017-06-30,50.11,$0.84,59.65,TTD
2021-04-16,178.8,$4.27,41.87,TTWO
2020-12-31,207.79,$4.27,48.66,TTWO
2020-09-30,165.22,$4.13,40.0,TTWO
2020-06-30,139.57,$3.90,35.79,TTWO
2020-03-31,118.61,$3.54,33.51,TTWO
2019-12-31,122.43,$2.97,41.22,TTWO
2019-09-30,125.34,$3.11,40.3,TTWO
2019-06-30,113.53,$2.70,42.05,TTWO
2019-03-31,94.37,$2.91,32.43,TTWO
2018-12-31,102.94,$3.18,32.37,TTWO
2018-09-30,137.99,$1.82,75.82,TTWO
2018-06-30,118.36,$1.57,75.39,TTWO
2018-03-31,97.78,$1.46,66.97,TTWO
2017-12-31,109.78,$1.58,69.48,TTWO
2017-09-30,102.23,$1.04,98.3,TTWO
2017-06-30,73.38,$1.46,50.26,TTWO
2017-03-31,59.27,$0.49,120.96,TTWO
2016-12-31,49.29,$0.08,616.13,TTWO
2016-09-30,45.08,$-0.10,0.0,TTWO
2016-06-30,37.92,$0.06,632.0,TTWO
2016-03-31,37.67,$-0.29,0.0,TTWO
2015-12-31,34.84,$-3.76,0.0,TTWO
2015-09-30,28.73,$-2.83,0.0,TTWO
2015-06-30,27.57,$-3.89,0.0,TTWO
2015-03-31,25.46,$-3.53,0.0,TTWO
2021-04-16,70.12,$-1.26,0.0,TWTR
2020-12-31,54.15,$-1.26,0.0,TWTR
2020-09-30,44.5,$-1.38,0.0,TWTR
2020-06-30,29.79,$-1.37,0.0,TWTR
2020-03-31,24.56,$1.62,15.16,TWTR
2019-12-31,32.05,$1.88,17.05,TWTR
2019-09-30,41.2,$2.06,20.0,TWTR
2019-06-30,34.9,$3.03,11.52,TWTR
2019-03-31,32.88,$1.73,19.01,TWTR
2018-12-31,28.74,$1.56,18.42,TWTR
2018-09-30,28.46,$1.35,21.08,TWTR
2018-06-30,43.67,$0.30,145.57,TWTR
2018-03-31,29.01,$0.01,0.0,TWTR
2017-12-31,24.01,$-0.16,0.0,TWTR
2017-09-30,16.87,$-0.51,0.0,TWTR
2017-06-30,17.87,$-0.63,0.0,TWTR
2017-03-31,14.95,$-0.62,0.0,TWTR
2016-12-31,16.3,$-0.65,0.0,TWTR
2016-09-30,23.05,$-0.55,0.0,TWTR
2016-06-30,16.91,$-0.60,0.0,TWTR
2016-03-31,16.55,$-0.66,0.0,TWTR
2015-12-31,23.14,$-0.79,0.0,TWTR
2021-04-16,60.35,$-3.88,0.0,UBER
2020-12-31,51.0,$-3.88,0.0,UBER
2020-09-30,36.48,$-3.98,0.0,UBER
2020-06-30,31.08,$-4.04,0.0,UBER
2020-03-31,27.92,$-7.74,0.0,UBER
2021-04-16,49.01,$-0.19,0.0,UPWK
2020-12-31,34.52,$-0.19,0.0,UPWK
2020-09-30,17.44,$-0.25,0.0,UPWK
2020-06-30,14.44,$-0.26,0.0,UPWK
2020-03-31,6.45,$-0.19,0.0,UPWK
2019-12-31,10.67,$-0.14,0.0,UPWK
2019-09-30,13.31,$-0.14,0.0,UPWK
2021-04-16,226.41,$4.84,46.78,V
2020-12-31,218.4,$4.84,45.12,V
2020-09-30,199.36,$4.88,40.85,V
2020-06-30,192.29,$5.25,36.63,V
2020-03-31,160.11,$5.55,28.85,V
2019-12-31,186.46,$5.48,34.03,V
2019-09-30,170.4,$5.32,32.03,V
2019-06-30,171.93,$5.21,33.0,V
2019-03-31,154.5,$4.84,31.92,V
2018-12-31,130.28,$4.64,28.08,V
2018-09-30,147.94,$4.41,33.55,V
2018-06-30,130.36,$4.08,31.95,V
2018-03-31,117.54,$3.94,29.83,V
2017-12-31,111.85,$3.01,37.16,V
2017-09-30,103.06,$2.80,36.81,V
2017-06-30,91.69,$2.69,34.08,V
2017-03-31,86.73,$2.00,43.37,V
2016-12-31,76.0,$2.53,30.04,V
2016-09-30,80.39,$2.47,32.55,V
2016-06-30,71.98,$2.30,31.29,V
2016-03-31,74.08,$2.82,26.27,V
2015-12-31,74.97,$2.74,27.36,V
2015-09-30,67.23,$2.57,26.13,V
2021-04-16,137.25,$0.79,173.73,WING
2020-12-31,132.4,$0.79,167.59,WING
2020-09-30,131.27,$1.10,119.34,WING
2020-06-30,133.38,$0.96,138.94,WING
2020-03-31,76.43,$0.74,103.28,WING
2019-12-31,82.58,$0.69,119.68,WING
2019-09-30,83.47,$0.67,124.58,WING
2019-06-30,90.52,$0.68,133.11,WING
2019-03-31,72.56,$0.74,98.05,WING
2018-12-31,61.26,$0.73,83.92,WING
2018-09-30,62.05,$1.01,61.44,WING
2018-06-30,47.31,$0.97,48.77,WING
2018-03-31,42.81,$0.92,46.53,WING
2017-12-31,32.91,$0.93,35.38,WING
2017-09-30,28.02,$0.72,38.91,WING
2017-06-30,25.98,$0.64,40.6,WING
2017-03-31,23.78,$0.60,39.63,WING
2016-12-31,24.88,$0.53,46.94,WING
2016-09-30,24.64,$0.51,48.31,WING
2016-06-30,20.59,$0.53,38.84,WING
2016-03-31,17.13,$0.41,41.79,WING
2021-04-16,42.23,$-0.54,0.0,WORK
2020-10-31,25.58,$-0.54,0.0,WORK
2020-07-31,29.55,$-0.58,0.0,WORK
2020-04-30,26.69,$-1.43,0.0,WORK
2021-04-16,329.95,$2.25,146.64,ZM
2021-01-31,372.07,$2.25,165.36,ZM
2020-10-31,460.91,$1.43,322.31,ZM
2020-07-31,253.91,$0.78,325.53,ZM
2020-04-30,135.17,$0.17,795.12,ZM
2020-01-31,76.3,$0.08,953.75,ZM
2021-04-16,106.8,$3.06,34.95,NTES
2020-09-30,90.68,$3.06,29.67,NTES
2020-06-30,85.39,$5.15,16.57,NTES
2020-03-31,63.65,$4.86,13.09,NTES
2019-12-31,60.6,$4.65,13.04,NTES
2019-09-30,51.37,$4.36,11.79,NTES
2019-06-30,49.15,$1.98,24.8,NTES
2019-03-31,46.27,$1.78,25.97,NTES
2018-12-31,45.01,$1.41,31.83,NTES
2018-09-30,43.65,$1.33,32.87,NTES
2018-06-30,48.17,$1.54,31.28,NTES
2018-03-31,53.41,$1.71,31.16,NTES
2017-12-31,65.64,$2.39,27.47,NTES
2017-09-30,50.08,$2.89,17.3,NTES
2017-06-30,56.89,$2.94,19.33,NTES
2017-03-31,53.55,$2.90,18.45,NTES
2016-12-31,40.47,$2.62,15.45,NTES
2016-09-30,45.1,$2.32,19.42,NTES
2016-06-30,36.06,$2.15,16.79,NTES
2016-03-31,26.67,$1.88,14.22,NTES
2015-12-31,33.52,$1.61,20.82,NTES
2015-09-30,22.14,$1.42,15.61,NTES
2015-06-30,26.6,$1.26,21.14,NTES
2015-03-31,19.28,$1.21,15.99,NTES
2014-12-31,18.09,$1.17,15.43,NTES
2021-04-16,76.22,$-0.28,0.0,PINS
2020-12-31,65.9,$-0.28,0.0,PINS
2020-09-30,41.51,$-0.64,0.0,PINS
2020-06-30,22.17,$-0.71,0.0,PINS
2020-03-31,15.44,$-3.16,0.0,PINS
2021-04-16,1207.8,$2.55,473.65,SHOP
2020-12-31,1131.95,$2.55,443.9,SHOP
2020-09-30,1022.97,$1.57,651.57,SHOP
2020-06-30,949.2,$-0.61,0.0,SHOP
2020-03-31,416.93,$-1.16,0.0,SHOP
2019-12-31,397.58,$-1.11,0.0,SHOP
2019-09-30,311.66,$-1.13,0.0,SHOP
2019-06-30,300.15,$-0.71,0.0,SHOP
2019-03-31,206.62,$-0.68,0.0,SHOP
2018-12-31,138.45,$-0.62,0.0,SHOP
2018-09-30,164.46,$-0.64,0.0,SHOP
2018-06-30,145.89,$-0.51,0.0,SHOP
2018-03-31,124.59,$-0.43,0.0,SHOP
2017-12-31,101.0,$-0.42,0.0,SHOP
2017-09-30,116.49,$-0.49,0.0,SHOP
2017-06-30,86.9,$-0.51,0.0,SHOP
2017-03-31,68.09,$-0.46,0.0,SHOP
2016-12-31,42.87,$-0.42,0.0,SHOP
2016-09-30,42.92,$-0.40,0.0,SHOP
2016-06-30,30.76,$-0.35,0.0,SHOP
2016-03-31,28.21,$-0.31,0.0,SHOP
