ticker,detail,Y1,Y2,Y3,Y4,Y5,Y6,Y7,Y8,Y9,Y10
AAPL,Year End,2019-09,2018-09,2017-09,2016-09,2015-09,2014-09,2013-09,2012-09,2011-09,2010-09
AAPL,Revenue,"260,174","265,595","229,234","215,639","233,715","182,795","170,910","156,508","108,249","65,225"
AAPL,NP,"55,256","59,531","48,351","45,687","53,394","39,510","37,037","41,733","25,922","14,013"
AAPL,EPS,11.89,11.91,9.21,8.31,9.22,6.45,5.68,6.31,3.95,2.16
AAPL,DPS,3.00,2.72,2.40,2.18,1.98,1.81,1.63,0.38,—,—
AAPL,Div Payout,25.1,23.7,26.5,24.8,22.3,28.5,27.4,—,—,—
AAPL,Shares,"4,649","5,000","5,252","5,500","5,793","6,123","6,522","6,617","6,557","6,473"
AAPL,BVPS,21.71,24.17,25.83,23.71,22.53,20.62,19.60,16.99,11.78,7.45
AAPL,OCF,"69,391","77,434","63,598","65,824","81,266","59,713","53,666","50,856","37,529","18,595"
AAPL,NP Margin,21.24,22.41,21.09,21.19,22.85,21.61,21.67,26.67,23.95,21.48
AAPL,ROE,55.92,49.36,36.87,36.90,46.25,33.61,30.64,42.84,41.67,37.06
AAPL,Revenue GR,-2.04,15.86,6.30,-7.73,27.86,6.95,9.20,44.58,65.96,78.52
AAPL,Revenue GR 3Y avg,6.46,4.35,7.84,8.06,14.30,19.08,37.86,62.41,49.37,39.54
AAPL,Revenue GR 5Y avg,7.31,9.22,7.93,14.78,29.08,37.99,39.39,45.49,41.16,36.17
AAPL,Revenue GR 10Y avg,21.69,23.38,25.31,27.29,32.58,36.27,39.31,39.17,35.05,23.37
AAPL,EPS GR,-0.17,29.32,10.83,-9.87,42.95,13.58,-9.97,59.50,82.71,140.86
AAPL,EPS GR 3Y avg,12.68,8.91,12.61,13.53,13.49,17.71,37.92,91.47,72.85,56.80
AAPL,EPS GR 5Y avg,13.01,15.97,7.87,16.01,33.62,48.32,49.29,62.22,64.90,57.56
AAPL,EPS GR 10Y avg,29.47,31.58,32.28,38.31,45.10,62.35,82.88,85.81,—,30.11
AAPL,OCF GR,-10.39,21.76,-3.38,-19.00,36.09,11.27,5.53,35.51,101.82,83.04
AAPL,D/E,1.01,0.87,0.73,0.59,0.45,0.26,0.14,—,—,—
AAPL,Price,223.97,223.99,150.65,108.58,103.39,93.16,61.58,84.16,47.9,35.65
AAPL,P/E,18.9,18.87,16.38,13.13,11.24,14.48,10.88,13.34,12.12,16.47
ADBE,Year End,2019-11,2018-11,2017-11,2016-11,2015-11,2014-11,2013-11,2012-11,2011-11,2010-11
ADBE,Revenue,"11,171","9,030","7,302","5,854","4,796","4,147","4,055","4,404","4,216","3,800"
ADBE,NP,"2,951","2,591","1,694","1,169",630,268,290,833,833,775
ADBE,EPS,6.00,5.20,3.38,2.32,1.24,0.53,0.56,1.66,1.65,1.47
ADBE,DPS,—,—,—,—,—,—,—,—,—,—
ADBE,Div Payout,—,—,—,—,—,—,—,—,—,—
ADBE,Shares,492,498,501,504,507,508,513,503,504,526
ADBE,BVPS,21.24,18.17,16.57,14.64,13.74,13.53,13.77,13.49,11.78,10.21
ADBE,OCF,"4,422","4,029","2,913","2,200","1,470","1,287","1,152","1,500","1,543","1,113"
ADBE,NP Margin,26.42,28.69,23.20,19.96,13.13,6.47,7.15,18.91,19.75,20.39
ADBE,ROE,29.67,29.07,21.33,16.20,9.14,3.98,4.33,13.38,15.18,15.37
ADBE,Revenue GR,23.71,23.67,24.72,22.08,15.64,2.26,-7.91,4.45,10.95,28.99
ADBE,Revenue GR 3Y avg,24.03,23.49,20.75,13.02,2.88,-0.55,2.19,14.34,5.61,6.36
ADBE,Revenue GR 5Y avg,21.92,17.36,10.64,6.79,4.76,7.08,2.52,6.88,10.36,14.08
ADBE,Revenue GR 10Y avg,14.26,9.69,8.74,8.56,9.32,9.54,12.09,14.22,13.11,11.61
ADBE,EPS GR,15.38,53.85,45.69,87.10,133.96,-5.36,-66.27,0.61,12.24,101.37
ADBE,EPS GR 3Y avg,37.26,61.26,85.44,60.61,-9.27,-31.51,-27.51,31.50,1.24,6.70
ADBE,EPS GR 5Y avg,62.47,56.16,15.28,7.05,-3.35,-6.20,-18.84,6.53,14.73,4.32
ADBE,EPS GR 10Y avg,23.45,12.58,10.82,10.83,0.41,-5.26,0.18,15.44,14.80,10.03
ADBE,OCF GR,9.74,38.33,32.42,49.69,14.14,11.79,-23.20,-2.83,38.66,-0.43
ADBE,D/E,0.09,0.44,0.22,0.26,0.27,0.13,0.22,0.22,0.26,0.29
ADBE,Price,309.53,250.89,181.47,102.81,91.46,73.68,56.78,34.61,27.42,27.8
ADBE,P/E,51.59,48.16,53.53,44.31,73.76,150.37,99.61,20.85,16.62,18.66
ADDYY,Year End,2019-12,2018-12,2017-12,2016-12,2015-12,2014-12,2013-12,2012-12,2011-12,2010-12
ADDYY,Revenue,"23,640","21,915","21,218","19,291","16,915","14,534","14,492","14,883","13,344","11,990"
ADDYY,NP,"1,976","1,702","1,097","1,017",634,490,787,526,671,567
ADDYY,EPS,5.00,4.21,2.69,2.50,1.57,1.33,1.88,1.26,1.47,1.35
ADDYY,DPS,1.69,1.33,0.97,0.81,0.76,0.75,0.68,0.52,0.40,0.11
ADDYY,Div Payout,36.5,33.5,30.2,33.7,47.3,50.6,53.9,41.4,25.3,8.2
ADDYY,Shares,395,404,408,412,403,418,418,418,418,418
ADDYY,BVPS,20.33,18.67,18.94,16.07,15.61,18.21,18.54,16.76,15.85,14.67
ADDYY,OCF,"2,819","2,646","1,648","1,348","1,090",701,634,942,792,894
ADDYY,NP Margin,8.36,7.77,5.17,5.27,3.75,3.37,5.43,3.53,5.03,4.73
ADDYY,ROE,30.00,26.54,16.98,16.76,11.23,8.82,14.58,9.90,13.50,13.52
ADDYY,Revenue GR,7.87,3.28,9.99,14.05,16.38,0.29,-2.63,11.53,11.29,15.50
ADDYY,Revenue GR 3Y avg,7.01,9.02,13.44,10.00,4.36,2.89,6.52,12.76,7.31,5.20
ADDYY,Revenue GR 5Y avg,10.22,8.62,7.35,7.65,7.12,6.96,6.06,7.64,5.76,12.56
ADDYY,Revenue GR 10Y avg,8.58,7.33,7.50,6.70,9.81,8.42,8.74,8.60,—,—
ADDYY,EPS GR,18.76,56.51,7.82,48.07,43.40,-37.50,49.21,-21.25,18.08,122.13
ADDYY,EPS GR 3Y avg,26.08,35.69,31.80,9.89,10.17,-9.78,11.53,27.35,1.39,1.78
ADDYY,EPS GR 5Y avg,33.59,17.50,16.38,9.29,4.46,14.01,4.14,-0.39,-6.59,-7.87
ADDYY,EPS GR 10Y avg,23.41,10.62,7.67,1.04,-1.90,3.69,10.15,7.18,—,—
ADDYY,OCF GR,6.54,60.56,22.26,23.67,55.49,10.57,-32.70,18.94,-11.41,-25.38
ADDYY,D/E,0.59,0.27,0.15,0.15,0.26,0.28,0.12,0.23,0.18,0.29
ADDYY,Price,162.80,104.34,99.82,78.55,48.51,34.51,64.23,44.80,32.61,32.70
AMD,Year End,2019-12,2018-12,2017-12,2016-12,2015-12,2014-12,2013-12,2012-12,2011-12,2010-12
AMD,Revenue,"6,731","6,475","5,329","4,272","3,991","5,506","5,299","5,422","6,568","6,494"
AMD,NP,341,337,43,-497,-660,-403,-83,"-1,183",491,471
AMD,EPS,0.30,0.32,-0.03,-0.60,-0.84,-0.53,-0.11,-1.60,0.66,0.64
AMD,DPS,—,—,—,—,—,—,—,—,—,—
AMD,Div Payout,—,—,—,—,—,—,—,—,—,—
AMD,Shares,"1,120","1,064",952,835,783,768,754,741,742,733
AMD,BVPS,1.86,1.12,0.54,0.41,-0.42,0.69,0.60,0.75,2.50,1.48
AMD,OCF,493,34,68,90,-226,-98,-148,-338,382,-412
AMD,NP Margin,5.07,5.20,0.81,-11.63,-16.54,-7.32,-1.57,-21.82,7.48,7.25
AMD,ROE,16.66,35.91,8.37,—,—,-110.26,-15.34,-111.18,37.73,56.71
AMD,Revenue GR,3.95,21.51,24.74,7.04,-27.52,3.91,-2.27,-17.45,1.14,20.19
AMD,Revenue GR 3Y avg,16.36,17.50,-1.08,-6.93,-9.71,-5.71,-6.55,0.12,4.18,2.60
AMD,Revenue GR 5Y avg,4.10,4.09,-0.35,-8.24,-9.28,0.38,-1.82,-2.05,3.06,2.12
AMD,Revenue GR 10Y avg,2.22,1.09,-1.20,-2.76,-3.75,0.97,4.18,7.23,5.37,3.41
AMD,EPS GR,-6.25,700.00,—,—,—,—,—,—,3.13,42.22
AMD,EPS GR 3Y avg,—,—,—,—,—,—,—,—,—,—
AMD,EPS GR 5Y avg,—,—,—,—,—,—,—,—,—,9.86
AMD,EPS GR 10Y avg,-3.97,—,—,—,—,—,—,—,—,-13.99
AMD,OCF GR,—,-50.00,-24.44,—,—,—,—,—,—,—
AMD,D/E,0.24,0.88,2.17,3.45,—,10.88,3.67,3.79,0.96,2.16
AMD,Price,45.86,18.46,10.28,11.34,2.87,2.67,3.87,2.4,5.4,8.18
AMD,P/E,152.87,57.69,342.67,0.0,0.0,0.0,0.0,0.0,8.31,13.19
AMZN,Year End,2019-12,2018-12,2017-12,2016-12,2015-12,2014-12,2013-12,2012-12,2011-12,2010-12
AMZN,Revenue,"280,522","232,887","177,866","135,987","107,006","88,988","74,452","61,093","48,077","34,204"
AMZN,NP,"11,588","10,073","3,033","2,371",596,-241,274,-39,631,"1,152"
AMZN,EPS,23.01,20.14,6.15,4.90,1.25,-0.52,0.59,-0.09,1.37,2.53
AMZN,DPS,—,—,—,—,—,—,—,—,—,—
AMZN,Div Payout,—,—,—,—,—,—,—,—,—,—
AMZN,Shares,504,500,493,484,477,462,465,453,461,456
AMZN,BVPS,113.47,79.68,50.95,37.28,26.39,22.23,19.80,18.04,17.07,15.22
AMZN,OCF,"38,514","30,723","18,434","16,443","11,920","6,842","5,475","4,180","3,903","3,495"
AMZN,NP Margin,4.13,4.33,1.71,1.74,0.56,-0.27,0.37,-0.06,1.31,3.37
AMZN,ROE,21.95,28.27,12.91,14.52,4.94,-2.35,3.06,-0.49,8.63,19.01
AMZN,Revenue GR,20.45,30.93,30.80,27.08,20.25,19.52,21.87,27.07,40.56,39.56
AMZN,Revenue GR 3Y avg,27.30,29.59,25.97,22.24,20.54,22.78,29.60,35.59,35.87,32.11
AMZN,Revenue GR 5Y avg,25.81,25.62,23.83,23.12,25.62,29.42,31.18,32.72,35.03,32.14
AMZN,Revenue GR 10Y avg,27.60,28.37,28.20,28.93,28.84,29.10,30.33,31.56,31.45,28.61
AMZN,EPS GR,14.25,227.48,25.51,292.00,—,—,—,—,-45.85,24.02
AMZN,EPS GR 3Y avg,67.46,152.57,—,102.51,—,—,-38.45,—,-2.76,31.21
AMZN,EPS GR 5Y avg,—,102.60,—,29.03,-13.15,—,-16.91,—,24.94,24.67
AMZN,EPS GR 10Y avg,27.42,29.74,18.57,26.97,4.06,—,22.12,—,—,—
AMZN,OCF GR,25.36,66.66,12.11,37.94,74.22,24.97,30.98,7.10,11.67,6.13
AMZN,D/E,1.02,0.91,1.37,0.79,1.06,1.16,0.53,0.47,0.18,0.09
AMZN,Price,1847.84,1501.97,1169.47,749.87,675.89,310.35,398.79,250.87,173.1,180.0
AMZN,P/E,80.31,74.61,190.16,152.72,545.07,0.0,687.57,0.0,126.35,71.15
ATVI,Year End,2019-12,2018-12,2017-12,2016-12,2015-12,2014-12,2013-12,2012-12,2011-12,2010-12
ATVI,Revenue,"6,489","7,500","7,017","6,608","4,664","4,408","4,583","4,856","4,755","4,447"
ATVI,NP,"1,503","1,813",273,966,892,835,"1,010","1,149","1,085",418
ATVI,EPS,1.95,2.40,0.36,1.28,1.19,1.13,0.95,1.01,0.92,0.33
ATVI,DPS,0.37,0.34,0.30,0.26,0.23,0.20,0.19,0.18,0.17,0.15
ATVI,Div Payout,17.5,45.3,20.5,22.6,15.7,23.3,18.2,17.8,25.4,45.5
ATVI,Shares,771,771,766,754,739,726,"1,035","1,118","1,156","1,236"
ATVI,BVPS,15.92,13.96,13.16,11.83,10.88,9.69,17.25,10.18,9.33,8.62
ATVI,OCF,"1,831","1,790","2,213","2,155","1,192","1,292","1,264","1,345",952,"1,376"
ATVI,NP Margin,23.16,24.17,3.89,14.56,18.89,18.53,21.54,23.17,22.82,9.40
ATVI,ROE,12.44,17.42,2.94,11.19,11.52,11.79,11.00,10.32,10.49,3.99
ATVI,Revenue GR,-13.48,6.88,6.19,41.68,5.81,-3.82,-5.62,2.12,6.93,3.93
ATVI,Revenue GR 3Y avg,-0.60,17.16,16.76,12.97,-1.34,-2.49,1.01,4.31,16.26,16.82
ATVI,Revenue GR 5Y avg,8.04,10.35,7.64,6.80,0.96,0.60,8.66,11.46,27.22,26.24
ATVI,Revenue GR 10Y avg,4.25,9.50,9.48,16.30,12.58,12.42,17.53,19.34,20.25,22.37
ATVI,EPS GR,-17.02,552.78,-71.88,7.56,5.31,18.95,-5.94,9.78,178.79,266.67
ATVI,EPS GR 3Y avg,15.06,25.46,-31.70,10.45,5.62,7.09,42.26,123.89,—,-16.93
ATVI,EPS GR 5Y avg,11.53,19.86,-18.64,6.83,29.24,65.87,—,13.63,48.56,38.54
ATVI,EPS GR 10Y avg,36.01,—,-4.25,25.45,33.69,16.84,20.67,29.66,24.31,18.59
ATVI,OCF GR,2.29,-19.11,2.69,80.79,-7.74,2.22,-6.02,41.28,-30.81,16.31
ATVI,D/E,0.21,0.24,0.46,0.54,0.51,0.60,0.70,—,—,—
ATVI,Price,59.42,46.57,63.0,35.71,37.97,19.57,17.15,10.08,11.53,11.47
ATVI,P/E,30.47,19.82,174.99,29.51,31.64,17.16,18.05,10.08,12.53,37.0
BABA,Year End,2019-03,2018-03,2017-03,2016-03,2015-03,2014-03,2013-03,2012-03,2011-12,2010-12
BABA,Revenue,"376,844","250,266","158,273","101,143","76,204","52,504","34,517","20,025","6,417","5,558"
BABA,NP,"87,886","64,093","43,675","71,460","24,261","23,315","8,532","4,228","1,713","1,469"
BABA,EPS,33.38,24.51,16.97,27.89,9.70,10.00,3.57,1.81,0.34,0.28
BABA,DPS,—,—,—,—,—,—,—,—,—,—
BABA,Div Payout,—,—,—,—,—,—,—,—,—,—
BABA,Shares,"2,623","2,610","2,573","2,562","2,500","2,332","2,389","2,332","5,079","5,072"
BABA,BVPS,26.43,21.61,15.13,13.44,8.85,—,—,—,—,—
BABA,OCF,"150,975","125,171","80,326","56,836","41,217","26,379","14,476","9,275","2,182",—
BABA,NP Margin,23.25,25.57,27.59,70.65,31.69,43.95,24.35,21.11,26.69,26.44
BABA,ROE,20.42,19.85,17.62,39.43,27.63,157.44,53.42,13.43,26.01,27.39
BABA,Revenue GR,50.58,58.12,56.48,32.73,45.14,52.11,72.37,9503.33,15.46,43.43
BABA,Revenue GR 3Y avg,55.03,48.64,44.46,43.10,56.12,154.59,125.23,107.55,28.83,36.97
BABA,Revenue GR 5Y avg,48.32,48.62,51.21,91.27,85.18,84.66,77.67,68.78,36.30,—
BABA,Revenue GR 10Y avg,64.01,61.30,59.02,59.25,—,—,—,—,—,—
BABA,EPS GR,36.19,44.43,-39.15,187.53,-3.00,180.11,96.91,—,16.55,45.44
BABA,EPS GR 3Y avg,6.17,36.20,19.28,98.42,74.90,350.83,205.29,166.82,12.34,13.36
BABA,EPS GR 5Y avg,27.26,47.01,56.41,182.31,128.42,151.26,89.06,68.12,49.28,—
BABA,EPS GR 10Y avg,73.92,64.99,61.66,100.03,—,—,—,—,—,—
BABA,OCF GR,20.62,55.83,41.33,37.89,56.25,82.23,56.08,—,—,—
BABA,D/E,0.23,0.33,0.28,0.25,0.35,1.05,—,—,—,—
BABA,Price,182.45,183.54,107.83,79.03,0.0,0.0,0.0,0.0,0.0,0.0
BABA,P/E,37.08,49.34,43.31,17.92,0.0,0.0,0.0,0.0,0.0,0.0
BRK.B,Year End,2019-12,2018-12,2017-12,2016-12,2015-12,2014-12,2013-12,2012-12,2011-12,2010-12
BRK.B,Revenue,"327,223","225,382","242,137","223,604","210,821","194,673","182,150","162,463","143,688","136,185"
BRK.B,NP,"81,417","4,021","44,940","24,074","24,083","19,872","19,476","14,824","10,254","12,967"
BRK.B,EPS,33.22,1.63,18.22,9.76,9.77,8.06,7.90,5.98,4.14,5.29
BRK.B,DPS,—,—,—,—,—,—,—,—,—,—
BRK.B,Div Payout,—,—,—,—,—,—,—,—,—,—
BRK.B,Shares,"2,451","2,466","2,467","2,466","2,465","2,465","2,465","2,477","2,475","2,453"
BRK.B,BVPS,163.13,152.60,124.95,109.17,100.72,96.36,84.50,76.14,64.60,63.64
BRK.B,OCF,"38,687","37,400","45,776","32,535","31,491","32,010","27,704","20,950","20,476","17,895"
BRK.B,NP Margin,24.88,1.78,18.56,10.77,11.42,10.21,10.69,9.12,7.14,9.52
BRK.B,ROE,21.05,1.15,14.24,8.94,9.72,8.60,9.51,8.41,6.37,8.99
BRK.B,Revenue GR,45.19,-6.92,8.29,6.06,8.29,6.88,12.12,13.07,5.51,21.06
BRK.B,Revenue GR 3Y avg,13.53,2.25,7.54,7.07,9.07,10.65,10.18,13.03,10.06,4.82
BRK.B,Revenue GR 5Y avg,10.95,4.35,8.31,9.25,9.13,11.59,11.06,6.56,7.84,10.77
BRK.B,Revenue GR 10Y avg,11.27,7.66,7.43,8.54,9.95,10.10,11.05,14.39,14.38,14.89
BRK.B,EPS GR,—,-91.05,86.59,-0.08,21.20,2.04,32.00,44.44,-21.61,52.67
BRK.B,EPS GR 3Y avg,50.40,-44.94,31.23,7.31,17.75,24.84,14.34,20.02,24.46,-2.48
BRK.B,EPS GR 5Y avg,32.74,-27.06,24.94,18.70,13.08,18.42,29.74,0.98,-2.75,7.44
BRK.B,EPS GR 10Y avg,25.37,-2.72,12.32,7.44,10.22,9.79,8.36,12.38,28.13,13.76
BRK.B,OCF GR,3.44,-18.30,40.70,3.32,-1.62,15.54,32.24,2.31,14.42,12.93
BRK.B,D/E,0.23,0.27,0.28,0.35,0.32,0.33,0.32,0.33,0.37,0.36
BRK.B,Price,226.5,204.18,198.22,162.98,132.04,150.15,118.56,89.7,76.3,80.11
BRK.B,P/E,6.81,126.04,10.88,16.68,13.51,18.63,15.03,15.0,18.43,15.12
BMWYY,Year End,2019-12,2018-12,2017-12,2016-12,2015-12,2014-12,2013-12,2012-12,2011-12,2010-12
BMWYY,Revenue,"104,210","97,480","98,678","94,163","92,175","80,401","76,058","76,848","68,821","60,477"
BMWYY,NP,"4,915","7,117","8,620","6,863","6,369","5,798","5,314","5,096","4,907","3,234"
BMWYY,EPS,2.49,3.53,4.35,3.48,3.23,2.94,2.69,2.58,2.48,1.64
BMWYY,DPS,1.17,1.35,1.15,1.09,1.00,0.87,0.84,0.79,0.43,0.07
BMWYY,Div Payout,46.7,32.9,30.0,30.9,32.4,29.5,31.6,30.4,16.0,4.0
BMWYY,Shares,"1,976","1,975","1,973","1,972","1,971","1,971","1,970","1,969","1,967","1,966"
BMWYY,BVPS,32.60,32.63,31.66,24.21,22.61,22.64,23.64,20.34,17.08,15.60
BMWYY,OCF,"3,662","5,051","5,909","3,173",960,"2,912","3,614","5,076","5,713","13,651"
BMWYY,NP Margin,4.72,7.30,8.74,7.29,6.91,7.21,6.99,6.63,7.09,5.32
BMWYY,ROE,8.41,12.75,17.03,15.31,15.97,15.96,16.16,17.78,19.48,14.98
BMWYY,Revenue GR,6.90,-1.21,4.79,2.16,14.64,5.71,-1.03,11.66,13.80,19.33
BMWYY,Revenue GR 3Y avg,3.44,1.88,7.07,7.38,6.25,5.32,7.94,14.88,8.96,2.59
BMWYY,Revenue GR 5Y avg,5.32,5.09,5.13,6.47,8.79,9.67,7.41,6.53,7.03,5.33
BMWYY,Revenue GR 10Y avg,7.47,6.24,5.83,6.75,7.05,6.13,6.24,6.12,—,—
BMWYY,EPS GR,-30.96,-17.53,25.55,7.73,9.85,9.01,4.25,4.30,51.73,—
BMWYY,EPS GR 3Y avg,-10.59,3.71,14.11,8.86,7.68,5.83,18.16,192.65,147.73,0.90
BMWYY,EPS GR 5Y avg,-3.29,5.96,11.05,7.00,14.59,95.40,75.25,10.20,11.21,8.08
BMWYY,EPS GR 10Y avg,37.47,36.27,10.62,9.08,11.28,10.34,10.86,9.98,—,—
BMWYY,OCF GR,-27.50,-14.52,86.23,230.52,-67.03,-19.42,-28.80,-11.15,-58.15,32.91
BMWYY,D/E,1.11,1.04,0.90,1.05,1.00,1.01,0.99,1.14,1.39,1.55
BMWYY,Price,27.12,26.97,34.67,31.01,34.87,35.62,39.43,32.60,22.23,26.09
BYND,Year End,2019-12,2018-12,2017-12,2016-12,2015-12,2014-12,2013-12,2012-12,2011-12,2010-12
BYND,Revenue,298,88,33,16,—,—,—,—,—,—
BYND,NP,-12,-30,-30,-25,—,—,—,—,—,—
BYND,EPS,-0.29,-0.64,-0.66,-0.54,—,—,—,—,—,—
BYND,DPS,—,—,—,—,—,—,—,—,—,—
BYND,Div Payout,—,—,—,—,—,—,—,—,—,—
BYND,Shares,42,46,46,46,—,—,—,—,—,—
BYND,BVPS,6.12,—,—,—,—,—,—,—,—,—
BYND,OCF,-47,-38,-25,-23,—,—,—,—,—,—
BYND,NP Margin,-4.18,-33.99,-93.26,-155.41,—,—,—,—,—,—
BYND,ROE,-5.37,—,—,—,—,—,—,—,—,—
BYND,Revenue GR,238.77,169.89,101.34,—,—,—,—,—,—,—
BYND,Revenue GR 3Y avg,164.05,—,—,—,—,—,—,—,—,—
BYND,Revenue GR 5Y avg,—,—,—,—,—,—,—,—,—,—
BYND,Revenue GR 10Y avg,—,—,—,—,—,—,—,—,—,—
BYND,EPS GR,—,—,—,—,—,—,—,—,—,—
BYND,EPS GR 3Y avg,—,—,—,—,—,—,—,—,—,—
BYND,EPS GR 5Y avg,—,—,—,—,—,—,—,—,—,—
BYND,EPS GR 10Y avg,—,—,—,—,—,—,—,—,—,—
BYND,OCF GR,—,—,—,—,—,—,—,—,—,—
BYND,D/E,0.05,0.39,—,—,—,—,—,—,—,—
BYND,Price,75.60,0.0,0.0,0.0,0.0,0.0,0.0,0.0,0.0,0.0
DIS,Year End,2019-09,2018-09,2017-09,2016-09,2015-09,2014-09,2013-09,2012-09,2011-09,2010-09
DIS,Revenue,"69,570","59,434","55,137","55,632","52,465","48,813","45,041","42,278","40,893","38,063"
DIS,NP,"11,054","12,598","8,980","9,391","8,382","7,501","6,136","5,682","4,807","3,963"
DIS,EPS,6.64,8.36,5.69,5.73,4.90,4.26,3.38,3.13,2.52,2.03
DIS,DPS,1.76,1.68,1.56,1.42,1.81,0.86,0.75,0.60,0.40,0.35
DIS,Div Payout,23.4,21.1,27.6,25.4,37.6,20.6,22.7,19.8,15.9,17.2
DIS,Shares,"1,666","1,507","1,578","1,639","1,709","1,759","1,813","1,818","1,909","1,948"
DIS,BVPS,50.80,30.73,28.35,27.50,27.56,26.78,24.19,22.23,20.14,19.62
DIS,OCF,"5,984","14,295","12,343","13,213","10,909","9,780","9,452","7,966","6,994","6,578"
DIS,NP Margin,15.89,21.20,16.29,16.88,15.98,15.37,13.62,13.44,11.76,10.41
DIS,ROE,16.06,27.97,21.23,21.39,18.73,16.60,14.41,14.73,12.84,11.12
DIS,Revenue GR,17.05,7.79,-0.89,6.04,7.48,8.37,6.54,3.39,7.44,5.29
DIS,Revenue GR 3Y avg,7.74,4.25,4.14,7.29,7.46,6.08,5.77,5.36,2.62,2.34
DIS,Revenue GR 5Y avg,7.34,5.70,5.45,6.35,6.63,6.19,3.54,3.55,3.59,3.57
DIS,Revenue GR 10Y avg,6.77,4.62,4.50,4.96,5.09,4.73,5.23,5.26,4.93,4.13
DIS,EPS GR,-20.57,46.92,-0.70,16.94,15.02,26.04,7.99,24.21,24.14,15.34
DIS,EPS GR 3Y avg,5.04,19.49,10.13,19.24,16.11,19.13,18.52,21.16,3.39,-3.37
DIS,EPS GR 5Y avg,9.28,19.86,12.70,17.86,19.27,19.34,8.19,6.82,8.97,10.72
DIS,EPS GR 10Y avg,14.20,13.87,9.72,13.33,14.92,14.29,18.48,17.96,—,13.54
DIS,OCF GR,-58.14,15.81,-6.58,21.12,11.54,3.47,18.65,13.90,6.32,29.90
DIS,D/E,0.42,0.35,0.46,0.38,0.29,0.28,0.29,0.28,0.30,0.28
DIS,Price,130.32,116.03,96.25,89.32,96.98,82.96,59.36,47.4,26.88,29.19
DIS,P/E,18.72,13.88,16.92,15.62,19.79,19.52,17.56,15.19,10.67,14.45
EA,Year End,2019-03,2018-03,2017-03,2016-03,2015-03,2014-03,2013-03,2012-03,2011-03,2010-03
EA,Revenue,"4,950","5,150","4,845","4,396","4,515","3,575","3,797","4,143","3,589","3,654"
EA,NP,"1,019","1,043",967,"1,156",875,8,98,76,-276,-677
EA,EPS,3.33,3.34,3.08,3.50,2.69,0.03,0.31,0.23,-0.84,-2.08
EA,DPS,—,—,—,—,—,—,—,—,—,—
EA,Div Payout,—,—,—,—,—,—,—,—,—,—
EA,Shares,306,312,314,330,325,316,313,336,330,325
EA,BVPS,17.93,13.35,11.52,10.01,8.67,6.44,6.48,7.08,7.70,—
EA,OCF,"1,547","1,692","1,383","1,223","1,067",712,324,277,320,152
EA,NP Margin,20.59,20.25,19.96,26.30,19.38,0.22,2.58,1.83,-7.69,-18.53
EA,ROE,20.53,24.10,25.94,35.95,32.06,0.34,4.15,3.03,-10.43,-23.09
EA,Revenue GR,-3.88,6.30,10.21,-2.64,26.29,-5.85,-8.35,15.44,-1.78,—
EA,Revenue GR 3Y avg,4.04,4.48,10.66,5.00,2.91,-0.13,1.29,-0.55,-0.70,—
EA,Revenue GR 5Y avg,6.72,6.29,3.18,4.14,4.32,-3.23,0.71,6.03,3.99,—
EA,Revenue GR 10Y avg,1.63,3.46,4.60,4.07,3.74,1.92,4.34,9.16,10.50,—
EA,EPS GR,-0.30,8.44,-12.00,30.11,—,-90.32,34.78,—,—,—
EA,EPS GR 3Y avg,-1.65,7.48,368.25,124.34,126.99,—,—,—,—,—
EA,EPS GR 5Y avg,156.49,60.87,68.02,—,—,—,—,-0.85,—,—
EA,EPS GR 10Y avg,—,—,29.07,16.65,5.40,-33.85,-11.77,-4.25,—,—
EA,OCF GR,-8.57,22.34,13.08,14.62,49.86,119.75,16.97,-13.44,110.53,—
EA,D/E,0.19,0.22,0.24,0.29,—,0.24,0.25,0.22,—,—
EA,Price,101.63,121.24,89.52,66.11,58.82,29.01,17.7,16.49,19.53,18.66
EA,P/E,30.52,36.3,29.06,18.78,21.95,0.0,55.31,78.5,0.0,0.0
FB,Year End,2019-12,2018-12,2017-12,2016-12,2015-12,2014-12,2013-12,2012-12,2011-12,2010-12
FB,Revenue,"70,697","55,838","40,653","27,638","17,928","12,466","7,872","5,089","3,711","1,974"
FB,NP,"18,485","22,112","15,934","10,217","3,688","2,940","1,500",53,"1,000",606
FB,EPS,6.43,7.57,5.39,3.49,1.29,1.10,0.60,0.01,0.31,0.17
FB,DPS,—,—,—,—,—,—,—,—,—,—
FB,Div Payout,—,—,—,—,—,—,—,—,—,—
FB,Shares,"2,876","2,921","2,956","2,925","2,853","2,664","2,517","2,166","2,361","2,361"
FB,BVPS,32.96,28.15,24.50,18.71,14.62,7.65,5.12,4.96,—,—
FB,OCF,"36,314","29,274","24,216","16,108","8,599","5,457","4,222","1,612","1,549",698
FB,NP Margin,26.15,39.60,39.16,36.86,20.47,23.46,18.94,0.63,18.00,18.85
FB,ROE,19.96,27.90,23.84,19.70,9.14,11.34,10.95,0.40,22.91,24.05
FB,Revenue GR,26.61,37.35,47.09,54.16,43.82,58.36,54.69,37.13,87.99,—
FB,Revenue GR 3Y avg,36.76,46.04,48.29,51.99,52.16,49.77,58.58,—,—,—
FB,Revenue GR 5Y avg,41.49,47.97,51.53,49.42,55.47,—,—,—,—,—
FB,Revenue GR 10Y avg,—,—,—,—,—,—,—,—,—,—
FB,EPS GR,-15.06,40.45,54.44,170.54,17.27,83.33,—,-97.67,152.54,—
FB,EPS GR 3Y avg,22.59,80.37,69.85,79.84,405.28,36.76,52.17,—,—,—
FB,EPS GR 5Y avg,42.35,66.03,251.82,52.01,49.93,—,—,—,—,—
FB,EPS GR 10Y avg,—,—,—,—,—,—,—,—,—,—
FB,OCF GR,24.05,20.89,50.34,87.32,57.58,29.25,161.91,4.07,121.92,—
FB,D/E,0.09,—,—,—,—,—,0.02,0.17,0.09,0.24
FB,Price,205.25,131.09,176.46,115.05,104.66,78.02,54.65,0.0,0.0,0.0
FB,P/E,31.87,17.32,32.74,35.29,81.77,70.93,92.63,0.0,0.0,0.0
GE,Year End,2019-12,2018-12,2017-12,2016-12,2015-12,2014-12,2013-12,2012-12,2011-12,2010-12
GE,Revenue,"95,215","121,616","120,468","119,687","115,158","147,811","142,937","144,796","142,237","150,211"
GE,NP,"-4,979","-22,355","-5,786","8,831","-6,126","15,233","13,057","13,641","14,151","11,644"
GE,EPS,-0.62,-2.62,-1.03,0.75,-0.62,1.50,1.27,1.29,1.23,1.06
GE,DPS,0.04,0.37,0.84,0.93,0.92,0.89,0.79,0.70,0.61,0.46
GE,Div Payout,200.0,—,111.6,105.8,180.4,59.5,54.7,50.4,47.1,40.0
GE,Shares,"8,724","8,691","8,687","9,130","10,016","10,123","10,289","10,564","10,620","10,678"
GE,BVPS,3.20,3.61,8.77,9.37,11.86,13.42,12.20,11.82,11.77,11.20
GE,OCF,"8,772","4,246","10,426",-244,"19,891","27,710","28,579","31,331","33,359","36,123"
GE,NP Margin,-5.71,-18.75,-5.18,6.82,-5.33,10.29,9.12,9.41,9.21,7.55
GE,ROE,-18.35,-47.89,-8.92,9.38,-5.42,11.76,10.28,11.38,11.13,9.60
GE,Revenue GR,-21.71,0.95,0.65,3.93,-22.09,3.41,-1.28,1.80,-5.31,-4.19
GE,Revenue GR 3Y avg,-7.34,1.84,-6.59,-5.75,-7.35,1.29,-1.64,-2.62,-7.98,-4.55
GE,Revenue GR 5Y avg,-8.42,-3.18,-3.61,-3.39,-5.18,-1.17,-4.77,-3.47,-2.73,0.07
GE,Revenue GR 10Y avg,-4.86,-3.98,-3.54,-3.06,-2.59,-0.30,0.63,0.95,1.23,1.47
GE,EPS GR,—,—,—,—,—,18.11,-1.55,4.88,16.04,4.95
GE,EPS GR 3Y avg,—,—,—,-11.18,—,6.84,6.21,8.50,-10.58,-21.24
GE,EPS GR 5Y avg,—,—,—,-6.27,—,8.23,-5.89,-9.88,-9.27,-7.20
GE,EPS GR 10Y avg,—,—,—,-7.78,—,-0.58,-1.58,-0.89,-1.07,-1.79
GE,OCF GR,106.59,-59.27,—,—,-28.22,-3.04,-8.78,-6.08,-7.65,46.88
GE,D/E,2.54,3.13,1.71,1.39,1.50,1.74,1.86,2.09,2.34,2.63
GE,Price,11.16,7.57,16.97,29.73,28.42,22.29,23.89,17.32,14.29,14.11
GE,P/E,0.0,0.0,0.0,33.03,0.0,14.76,17.56,13.43,11.52,13.44
GOOG,Year End,2019-12,2018-12,2017-12,2016-12,2015-12,2014-12,2013-12,2012-12,2011-12,2010-12
GOOG,Revenue,"161,857","136,819","110,855","90,272","74,989","66,001","59,825","50,175","37,905","29,321"
GOOG,NP,"34,343","30,736","12,662","19,478","16,348","14,444","12,920","10,737","9,737","8,505"
GOOG,EPS,49.16,43.70,18.00,27.85,22.84,20.57,18.79,16.16,14.89,13.17
GOOG,DPS,—,—,—,—,—,—,—,—,—,—
GOOG,Div Payout,—,—,—,—,—,—,—,—,—,—
GOOG,Shares,699,703,704,699,693,687,678,665,654,646
GOOG,BVPS,283.25,244.18,226.11,193.99,169.12,145.08,—,—,—,—
GOOG,OCF,"54,520","47,971","37,091","36,036","26,024","22,376","18,659","16,619","14,565","11,081"
GOOG,NP Margin,21.22,22.46,11.42,21.58,21.10,21.88,21.60,21.40,25.69,29.01
GOOG,ROE,18.12,18.62,8.69,15.02,14.08,15.06,16.25,16.54,18.66,20.68
GOOG,Revenue GR,18.30,23.42,22.80,20.38,13.62,10.32,19.23,32.37,29.28,23.98
GOOG,Revenue GR 3Y avg,21.49,22.19,18.87,14.70,14.33,20.31,26.83,28.49,20.26,20.90
GOOG,Revenue GR 5Y avg,19.65,17.99,17.18,18.95,20.66,22.78,22.38,24.77,29.01,36.72
GOOG,Revenue GR 10Y avg,21.21,20.17,20.92,23.88,28.44,35.39,44.90,60.60,83.74,108.26
GOOG,EPS GR,12.49,142.78,-35.37,21.94,8.66,10.15,18.01,8.57,13.11,28.91
GOOG,EPS GR 3Y avg,20.85,24.14,-5.04,13.43,12.20,12.17,13.17,16.55,30.76,25.56
GOOG,EPS GR 5Y avg,18.52,18.02,2.17,13.33,11.64,15.53,23.43,19.44,24.52,39.28
GOOG,EPS GR 10Y avg,17.01,20.70,10.47,18.80,24.70,39.92,57.34,54.76,93.71,—
GOOG,OCF GR,13.65,29.33,2.93,38.47,16.30,19.92,12.28,14.10,31.44,18.94
GOOG,D/E,0.07,0.02,0.02,0.03,0.02,0.03,0.03,0.04,0.05,—
GOOG,Price,1337.02,1035.61,1046.4,771.82,758.88,526.4,0.0,0.0,0.0,0.0
GOOG,P/E,27.19,23.7,58.26,27.73,33.11,25.1,0.0,0.0,0.0,0.0
INTC,Year End,2019-12,2018-12,2017-12,2016-12,2015-12,2014-12,2013-12,2012-12,2011-12,2010-12
INTC,Revenue,"71,965","70,848","62,761","59,387","55,355","55,870","52,708","53,341","53,999","43,623"
INTC,NP,"21,048","21,053","9,601","10,316","11,420","11,704","9,620","11,005","12,942","11,464"
INTC,EPS,4.71,4.48,1.99,2.12,2.33,2.31,1.89,2.13,2.39,2.01
INTC,DPS,1.26,1.20,1.08,1.04,0.96,0.90,0.90,0.87,0.78,0.63
INTC,Div Payout,29.2,36.4,37.3,47.9,40.7,42.8,48.6,40.8,31.6,31.3
INTC,Shares,"4,473","4,701","4,835","4,875","4,894","5,056","5,097","5,160","5,411","5,696"
INTC,BVPS,17.34,15.94,15.32,13.53,12.28,12.00,11.16,10.36,9.22,8.97
INTC,OCF,"33,145","29,432","22,110","21,808","19,017","20,418","20,776","18,884","20,963","16,692"
INTC,NP Margin,29.25,29.72,15.30,17.37,20.63,20.95,18.25,20.63,23.97,26.28
INTC,ROE,27.58,29.07,14.02,15.98,19.23,20.35,17.58,22.66,27.15,25.16
INTC,Revenue GR,1.58,12.89,5.68,7.28,-0.92,6.00,-1.19,-1.22,23.79,24.19
INTC,Revenue GR 3Y avg,6.61,8.57,3.95,4.06,1.24,1.14,6.51,14.94,12.84,4.40
INTC,Revenue GR 5Y avg,5.19,6.09,3.31,1.92,4.88,9.73,7.00,6.83,8.82,2.36
INTC,Revenue GR 10Y avg,7.44,6.54,5.05,5.32,3.61,5.03,5.75,7.14,7.36,2.61
INTC,EPS GR,5.13,125.13,-6.13,-9.01,0.87,22.22,-11.27,-10.88,18.91,161.04
INTC,EPS GR 3Y avg,30.49,24.35,-4.85,3.90,3.04,-1.13,-2.03,40.38,37.47,19.43
INTC,EPS GR 5Y avg,15.31,18.84,-1.35,-2.37,3.00,24.57,15.49,12.54,22.68,7.50
INTC,EPS GR 10Y avg,19.85,17.15,5.37,9.44,5.23,7.13,8.32,16.56,28.81,2.90
INTC,OCF GR,12.62,33.12,1.38,14.68,-6.86,-1.72,10.02,-9.92,25.59,49.44
INTC,D/E,0.33,0.33,0.36,0.31,0.32,0.21,0.23,0.26,0.15,0.04
INTC,Price,59.85,46.64,44.75,34.2,31.44,32.15,22.28,17.02,19.35,16.22
INTC,P/E,12.68,10.41,22.6,16.21,13.44,13.8,11.85,7.99,8.1,7.91
JBL,Year End,2019-08,2018-08,2017-08,2016-08,2015-08,2014-08,2013-08,2012-08,2011-08,2010-08
JBL,Revenue,"25,282","22,095","19,063","18,353","17,899","15,762","18,337","17,152","16,519","13,409"
JBL,NP,287,86,129,254,284,241,371,395,381,169
JBL,EPS,1.81,0.49,0.69,1.32,1.45,1.19,1.79,1.87,1.73,0.78
JBL,DPS,0.32,0.32,0.32,0.32,0.32,0.32,0.32,0.32,0.28,0.28
JBL,Div Payout,27.8,30.5,49.2,20.3,34.0,36.8,20.3,17.1,16.1,35.9
JBL,Shares,159,175,186,193,196,202,208,211,221,218
JBL,BVPS,12.08,13.20,13.10,13.33,12.04,12.41,10.86,10.22,9.18,7.50
JBL,OCF,"1,193",934,"1,257",916,"1,240",499,"1,214",634,828,427
JBL,NP Margin,1.14,0.39,0.68,1.38,1.59,1.53,2.03,2.30,2.31,1.26
JBL,ROE,14.96,4.01,5.39,10.69,12.47,10.54,16.73,19.87,22.12,11.21
JBL,Revenue GR,14.42,15.91,3.87,2.54,13.56,-14.04,6.91,3.83,23.19,14.76
JBL,Revenue GR 3Y avg,11.27,7.27,6.54,0.03,1.43,-1.55,11.00,13.65,8.93,2.95
JBL,Revenue GR 5Y avg,9.91,3.80,2.14,2.13,5.95,6.17,7.49,6.89,9.98,12.25
JBL,Revenue GR 10Y avg,8.02,5.63,4.49,5.98,9.05,9.69,14.51,17.08,14.33,14.19
JBL,EPS GR,269.39,-28.99,-47.73,-8.97,21.85,-33.52,-4.28,8.09,121.79,—
JBL,EPS GR 3Y avg,11.10,-30.35,-16.61,-9.65,-8.13,-11.73,31.90,—,38.58,30.62
JBL,EPS GR 5Y avg,8.75,-22.83,-18.08,-5.27,13.20,—,22.46,39.82,17.57,-6.98
JBL,EPS GR 10Y avg,—,-2.79,7.02,5.54,2.62,3.92,23.90,27.10,11.36,—
JBL,OCF GR,27.76,-25.69,37.16,-26.13,148.62,-58.90,91.40,-23.40,93.73,-23.31
JBL,D/E,1.12,1.28,0.69,0.85,0.58,0.74,0.72,0.79,0.60,0.65
JBL,Price,28.81,29.38,30.8,20.56,18.48,20.3,21.12,20.74,15.12,9.06
JBL,P/E,15.92,62.51,44.64,15.58,12.66,17.2,11.8,11.09,8.74,11.61
JD,Year End,2019-12,2018-12,2017-12,2016-12,2015-12,2014-12,2013-12,2012-12,2011-12,2010-12
JD,Revenue,"576,888","462,020","362,332","260,122","181,287","115,002","69,340","41,381","21,129",—
JD,NP,"12,187","-2,489",129,"-3,362","-9,378","-4,996",-50,"-1,729","-1,284",—
JD,EPS,8.22,-1.74,-0.10,-2.72,-6.66,-10.70,-2.43,-3.24,-2.88,—
JD,DPS,—,—,—,—,—,—,—,—,—,—
JD,Div Payout,—,—,—,—,—,—,—,—,—,—
JD,Shares,"1,484","1,439","1,456","1,402","1,368","1,210","1,023","1,023","1,023",—
JD,BVPS,7.42,6.39,5.50,3.58,4.09,4.47,—,—,—,—
JD,OCF,"24,781","20,881","24,821","8,767","-1,812","1,015","3,570","1,404",-86,—
JD,NP Margin,2.11,-0.54,-0.04,-1.46,-5.17,-11.26,-5.70,-8.02,-13.94,—
JD,ROE,17.21,-4.46,-0.35,-11.82,-27.57,-55.43,-75.15,-180.10,-122.62,—
JD,Revenue GR,24.86,27.51,39.29,43.49,57.64,65.85,67.57,95.85,—,—
JD,Revenue GR 3Y avg,30.41,36.59,46.60,55.38,63.63,75.90,—,—,—,—
JD,Revenue GR 5Y avg,38.06,46.13,54.33,65.22,—,—,—,—,—,—
JD,Revenue GR 10Y avg,—,—,—,—,—,—,—,—,—,—
JD,EPS GR,—,—,—,—,—,—,—,—,—,—
JD,EPS GR 3Y avg,—,—,—,—,—,—,—,—,—,—
JD,EPS GR 5Y avg,—,—,—,—,—,—,—,—,—,—
JD,EPS GR 10Y avg,—,—,—,—,—,—,—,—,—,—
JD,OCF GR,18.68,-15.87,183.12,—,—,-71.57,154.32,—,—,—
JD,D/E,0.19,0.17,0.21,0.32,0.09,—,—,—,—,—
JD,Price,35.23,20.93,41.42,25.44,32.27,0.0,0.0,0.0,0.0,0.0
JD,P/E,29.36,0.0,0.0,0.0,0.0,0.0,0.0,0.0,0.0,0.0
KO,Year End,2019-12,2018-12,2017-12,2016-12,2015-12,2014-12,2013-12,2012-12,2011-12,2010-12
KO,Revenue,"37,266","31,856","35,410","41,863","44,294","45,998","46,854","48,017","46,542","35,119"
KO,NP,"8,920","6,434","1,248","6,527","7,351","7,098","8,584","9,019","8,572","11,809"
KO,EPS,2.07,1.50,0.29,1.49,1.67,1.60,1.90,1.97,1.85,2.53
KO,DPS,1.60,1.56,1.48,1.40,1.32,1.22,1.12,1.02,0.94,0.88
KO,Div Payout,84.6,211.0,140.3,83.6,82.5,66.4,56.7,51.8,34.0,34.8
KO,Shares,"4,314","4,299","4,324","4,367","4,405","4,450","4,509","4,584","4,646","4,667"
KO,BVPS,4.37,4.28,5.19,6.08,6.02,7.66,7.30,7.34,7.34,6.76
KO,OCF,"10,471","7,627","7,106","8,796","10,528","10,615","10,542","10,645","9,474","9,532"
KO,NP Margin,23.94,20.20,3.52,15.59,16.60,15.43,18.32,18.78,18.42,33.63
KO,ROE,49.61,37.79,6.22,26.85,26.31,22.36,26.03,28.00,27.37,42.32
KO,Revenue GR,16.98,-10.04,-15.41,-5.49,-3.70,-1.83,-2.42,3.17,32.53,13.32
KO,Revenue GR 3Y avg,-3.80,-10.41,-8.35,-3.68,-2.65,-0.39,10.09,15.72,13.37,6.77
KO,Revenue GR 5Y avg,-4.12,-7.43,-5.91,-2.10,4.75,8.22,7.96,10.72,14.08,8.74
KO,Revenue GR 10Y avg,1.86,-0.03,2.07,5.68,6.72,7.67,8.33,9.39,8.76,5.55
KO,EPS GR,38.00,417.24,-80.54,-10.78,4.38,-15.79,-3.55,6.78,-27.08,72.70
KO,EPS GR 3Y avg,11.58,-3.52,-43.41,-7.78,-5.36,-4.64,-9.10,10.38,14.01,25.34
KO,EPS GR 5Y avg,5.29,-4.62,-31.83,-4.18,-7.97,1.78,8.82,8.92,11.31,19.92
KO,EPS GR 10Y avg,3.52,1.88,-13.83,3.27,5.05,4.81,7.94,12.35,8.72,19.12
KO,OCF GR,37.29,7.33,-19.21,-16.45,-0.82,0.69,-0.97,12.36,-0.61,16.44
KO,D/E,1.45,1.49,1.83,1.29,1.11,0.63,0.58,0.45,0.43,0.45
KO,Price,55.35,47.35,43.99,38.46,38.59,36.71,34.88,29.75,27.93,25.52
KO,P/E,26.74,31.57,162.93,25.64,23.11,23.09,18.36,15.18,15.14,10.11
MA,Year End,2019-12,2018-12,2017-12,2016-12,2015-12,2014-12,2013-12,2012-12,2011-12,2010-12
MA,Revenue,"16,883","14,950","12,497","10,776","9,667","9,473","8,346","7,391","6,714","5,539"
MA,NP,"8,118","5,859","3,915","4,059","3,808","3,617","3,116","2,759","1,906","1,846"
MA,EPS,7.94,5.60,3.65,3.69,3.35,3.10,2.56,2.19,1.48,1.41
MA,DPS,1.32,1.00,0.66,0.79,0.67,0.49,0.29,0.12,0.06,0.06
MA,Div Payout,14.6,20.2,20.5,21.0,19.6,15.1,8.3,5.4,3.4,4.3
MA,Shares,"1,022","1,047","1,072","1,101","1,137","1,169","1,215","1,258","1,284","1,310"
MA,BVPS,4.91,5.60,6.11,5.75,5.62,5.64,4.78,5.61,4.71,3.98
MA,OCF,"8,183","6,223","5,555","4,484","4,043","3,407","4,135","2,948","2,684","1,697"
MA,NP Margin,48.08,39.19,31.33,37.67,39.39,38.18,37.34,37.33,28.39,33.33
MA,ROE,143.83,107.87,70.39,69.48,59.42,50.68,43.27,43.16,34.43,42.39
MA,Revenue GR,12.93,19.63,15.97,11.47,2.05,13.50,12.92,10.08,21.21,8.64
MA,Revenue GR 3Y avg,16.14,15.64,9.67,8.89,9.36,12.16,14.64,13.17,10.39,10.84
MA,Revenue GR 5Y avg,12.25,12.37,11.08,9.92,11.78,13.19,10.83,12.69,15.08,13.52
MA,Revenue GR 10Y avg,12.72,11.59,11.88,12.47,12.65,13.83,14.10,14.60,15.34,14.38
MA,EPS GR,41.79,53.42,-1.08,10.15,8.06,21.09,16.68,47.74,5.69,25.90
MA,EPS GR 3Y avg,29.10,18.68,5.60,12.96,15.15,27.80,22.14,25.27,—,20.65
MA,EPS GR 5Y avg,20.70,16.95,10.72,19.97,18.98,22.67,—,22.36,109.27,39.39
MA,EPS GR 10Y avg,21.68,—,16.39,58.45,28.78,29.26,—,32.16,22.32,23.89
MA,OCF GR,31.50,12.03,23.88,10.91,18.67,-17.61,40.26,9.84,58.16,23.14
MA,D/E,1.45,1.08,0.99,0.92,0.55,0.22,—,—,—,—
MA,Price,298.59,188.0,150.02,101.59,95.02,83.5,80.59,47.22,35.75,21.44
MA,P/E,37.61,33.57,41.1,27.53,28.36,27.02,31.41,21.52,24.1,15.26
MCD,Year End,2019-12,2018-12,2017-12,2016-12,2015-12,2014-12,2013-12,2012-12,2011-12,2010-12
MCD,Revenue,"21,077","21,025","22,820","24,622","25,413","27,441","28,106","27,567","27,006","24,074"
MCD,NP,"6,025","5,924","5,192","4,687","4,529","4,758","5,585","5,465","5,503","4,946"
MCD,EPS,7.88,7.54,6.37,5.44,4.80,4.82,5.55,5.36,5.27,4.58
MCD,DPS,4.73,4.19,3.83,3.61,3.44,3.28,3.12,2.87,2.53,2.26
MCD,Div Payout,60.9,61.1,54.4,66.9,73.6,63.8,55.6,53.5,47.8,49.3
MCD,Shares,764,786,816,861,945,986,"1,006","1,020","1,045","1,080"
MCD,BVPS,-11.52,-8.85,-4.38,-1.98,9.16,14.15,15.31,15.25,13.06,13.89
MCD,OCF,"8,122","6,966","5,551","6,060","6,539","6,730","7,120","6,966","7,150","6,342"
MCD,NP Margin,28.59,28.18,22.75,19.03,17.82,17.34,19.87,19.82,20.38,20.55
MCD,ROE,—,—,—,191.93,45.43,32.97,35.69,36.82,37.92,34.51
MCD,Revenue GR,0.24,-7.87,-7.32,-3.11,-7.39,-2.36,1.95,2.08,12.18,5.85
MCD,Revenue GR 3Y avg,-5.05,-6.12,-5.96,-4.32,-2.68,0.53,5.30,6.62,4.71,1.85
MCD,Revenue GR 5Y avg,-5.14,-5.64,-3.71,-1.83,1.09,3.83,3.62,3.88,4.58,3.31
MCD,Revenue GR 10Y avg,-0.76,-1.12,0.01,1.32,2.19,3.71,5.07,5.99,6.15,5.39
MCD,EPS GR,4.51,18.37,17.10,13.33,-0.41,-13.15,3.54,1.71,15.07,11.44
MCD,EPS GR 3Y avg,13.15,16.25,9.74,-0.67,-3.61,-2.93,6.61,9.25,11.91,32.25
MCD,EPS GR 5Y avg,10.33,6.32,3.51,0.64,0.94,3.24,8.10,22.04,13.24,17.56
MCD,EPS GR 10Y avg,6.73,7.21,12.40,6.75,8.93,10.41,17.05,22.58,15.48,12.11
MCD,OCF GR,16.58,25.50,-8.39,-7.33,-2.84,-5.48,2.22,-2.57,12.75,10.27
MCD,D/E,—,—,—,—,3.40,1.17,0.88,0.89,0.84,0.79
MCD,Price,197.61,177.57,167.86,115.75,108.99,83.57,83.66,73.64,81.15,60.27
MCD,P/E,25.08,23.55,26.39,21.36,22.66,17.3,15.05,13.74,15.37,13.16
MSFT,Year End,2019-06,2018-06,2017-06,2016-06,2015-06,2014-06,2013-06,2012-06,2011-06,2010-06
MSFT,Revenue,"125,843","110,360","89,950","85,320","93,580","86,833","77,849","73,723","69,943","62,484"
MSFT,NP,"39,240","16,571","21,204","16,798","12,193","22,074","21,863","16,978","23,150","18,760"
MSFT,EPS,5.06,2.13,3.25,2.56,1.48,2.63,2.58,2.00,2.69,2.10
MSFT,DPS,1.80,1.65,1.53,1.39,1.21,1.07,0.89,0.76,0.61,0.52
MSFT,Div Payout,39.1,109.5,66.1,101.5,49.0,38.2,44.3,26.4,22.6,24.8
MSFT,Shares,"7,753","7,794","7,832","8,013","8,254","8,399","8,470","8,506","8,593","8,927"
MSFT,BVPS,12.41,10.32,9.05,9.58,11.23,10.61,9.21,8.19,6.82,5.33
MSFT,OCF,"52,185","43,884","39,507","33,325","29,080","32,231","28,833","31,626","26,994","24,073"
MSFT,NP Margin,31.18,15.02,23.57,19.69,13.03,25.42,28.08,23.03,33.10,30.02
MSFT,ROE,42.41,21.37,29.37,22.09,14.36,26.17,30.09,27.51,44.84,43.76
MSFT,Revenue GR,14.03,22.69,5.43,-8.83,7.77,11.54,5.60,5.40,11.94,6.93
MSFT,Revenue GR 3Y avg,13.83,5.65,1.18,3.10,8.27,7.48,7.60,8.05,5.00,6.92
MSFT,Revenue GR 5Y avg,7.70,7.23,4.06,4.05,8.41,8.24,5.20,7.60,9.57,9.45
MSFT,Revenue GR 10Y avg,7.97,6.21,5.81,6.78,8.93,8.95,9.23,10.02,10.71,10.53
MSFT,EPS GR,137.56,-21.40,29.05,41.89,-43.73,1.94,29.00,-25.65,28.10,29.63
MSFT,EPS GR 3Y avg,34.06,12.90,1.00,-6.63,-9.55,-0.75,7.10,7.28,12.89,13.93
MSFT,EPS GR 5Y avg,13.98,-3.76,6.26,-4.83,-6.76,10.18,6.65,7.09,17.52,13.40
MSFT,EPS GR 10Y avg,12.06,1.31,6.68,5.76,2.83,13.37,10.86,10.99,15.09,9.47
MSFT,OCF GR,18.92,11.08,18.55,14.60,-9.78,11.79,-8.83,17.16,12.13,26.45
MSFT,D/E,0.71,0.94,1.05,0.57,0.35,0.23,0.16,0.16,0.21,0.10
MSFT,Price,133.96,97.38,66.77,48.37,40.6,37.36,30.07,25.83,21.37,18.47
MSFT,P/E,26.42,46.15,24.73,23.59,27.81,14.21,11.56,12.92,7.95,8.8
NFLX,Year End,2019-12,2018-12,2017-12,2016-12,2015-12,2014-12,2013-12,2012-12,2011-12,2010-12
NFLX,Revenue,"20,156","15,794","11,693","8,831","6,780","5,505","4,375","3,609","3,205","2,163"
NFLX,NP,"1,867","1,211",559,187,123,267,112,17,226,161
NFLX,EPS,4.13,2.68,1.25,0.43,0.28,0.62,0.26,0.04,0.59,0.42
NFLX,DPS,—,—,—,—,—,—,—,—,—,—
NFLX,Div Payout,—,—,—,—,—,—,—,—,—,—
NFLX,Shares,452,451,447,439,436,432,425,412,381,380
NFLX,BVPS,15.64,11.47,7.68,5.88,5.06,4.08,2.89,1.91,1.00,0.79
NFLX,OCF,"-2,887","-2,680","-1,786","-1,474",-749,16,98,23,318,276
NFLX,NP Margin,9.26,7.67,4.78,2.11,1.81,4.85,2.57,0.48,7.06,7.44
NFLX,ROE,29.12,27.46,17.85,7.61,6.01,16.72,10.82,2.47,48.47,65.75
NFLX,Revenue GR,27.62,35.08,32.41,30.26,23.16,25.83,21.20,12.63,48.18,29.48
NFLX,Revenue GR 3Y avg,31.67,32.57,28.55,26.38,23.38,19.76,26.47,29.28,32.92,21.51
NFLX,Revenue GR 5Y avg,29.64,29.27,26.50,22.47,25.67,26.94,26.24,24.53,26.31,25.95
NFLX,Revenue GR 10Y avg,28.28,27.75,25.51,24.38,25.81,26.95,32.01,37.19,45.39,50.66
NFLX,EPS GR,54.10,114.40,190.70,53.57,-54.63,133.51,537.93,-93.03,40.54,49.49
NFLX,EPS GR 3Y avg,112.57,112.32,26.52,17.62,89.07,1.27,-14.50,-47.29,46.61,45.05
NFLX,EPS GR 5Y avg,46.26,58.93,97.66,-6.27,-7.91,16.89,6.98,-21.45,42.42,35.84
NFLX,EPS GR 10Y avg,30.75,30.40,24.60,15.54,11.84,29.33,43.49,—,—,—
NFLX,OCF GR,—,—,—,—,—,-83.15,329.74,-92.83,14.95,-14.97
NFLX,D/E,1.95,1.98,1.81,1.26,1.07,0.48,0.37,0.54,0.62,0.81
NFLX,Price,323.57,267.66,191.96,123.8,114.38,48.8,52.6,13.23,9.9,25.1
NFLX,P/E,78.35,99.87,153.57,294.76,402.32,79.07,201.21,318.73,16.26,59.35
NKE,Year End,2019-05,2018-05,2017-05,2016-05,2015-05,2014-05,2013-05,2012-05,2011-05,2010-05
NKE,Revenue,"39,117","36,397","34,350","32,376","30,601","27,799","25,313","24,128","20,862","19,014"
NKE,NP,"4,029","1,933","4,240","3,760","3,273","2,693","2,485","2,223","2,133","1,907"
NKE,EPS,2.49,1.17,2.51,2.16,1.85,1.49,1.35,1.18,1.10,0.96
NKE,DPS,0.86,0.78,0.70,0.62,0.54,0.47,0.41,0.35,0.30,0.27
NKE,Div Payout,32.8,70.4,28.3,27.8,29.7,30.4,31.5,29.4,27.3,29.6
NKE,Shares,"1,618","1,659","1,692","1,743","1,768","1,811","1,832","1,879","1,942","1,975"
NKE,BVPS,5.71,6.11,7.74,7.31,7.22,6.40,5.97,5.67,5.26,4.87
NKE,OCF,"5,903","4,955","3,640","3,096","4,680","3,003","3,027","1,899","1,812","3,164"
NKE,NP Margin,10.30,5.31,12.34,11.61,10.70,9.69,9.82,9.21,10.22,10.03
NKE,ROE,42.74,17.40,34.38,30.12,27.82,24.50,23.08,21.98,21.77,20.67
NKE,Revenue GR,7.47,5.96,6.10,5.80,10.08,9.82,4.91,15.66,9.72,-0.85
NKE,Revenue GR 3Y avg,6.51,5.95,7.31,8.55,8.24,10.04,10.01,7.96,3.85,5.21
NKE,Revenue GR 5Y avg,7.07,7.53,7.32,9.19,9.98,7.71,6.33,8.13,6.88,6.71
NKE,Revenue GR 10Y avg,7.39,6.93,7.72,8.03,8.34,8.54,9.00,9.33,8.20,7.77
NKE,EPS GR,112.82,-53.39,16.20,16.76,24.58,9.59,14.59,7.74,13.73,27.39
NKE,EPS GR 3Y avg,4.85,-14.16,19.12,16.82,16.09,10.60,11.98,16.00,5.49,9.62
NKE,EPS GR 5Y avg,10.89,-2.89,16.25,14.50,13.90,14.41,7.70,10.05,10.71,11.50
NKE,EPS GR 10Y avg,12.64,2.27,13.11,12.59,12.69,12.97,19.87,14.51,15.05,14.07
NKE,OCF GR,19.13,36.13,17.57,-33.85,55.84,-0.79,59.40,4.80,-42.73,82.26
NKE,D/E,0.38,0.35,0.28,0.16,0.08,0.11,0.11,0.02,0.03,0.05
NKE,Price,77.14,71.22,51.87,53.39,48.78,36.48,28.88,24.95,19.14,16.17
NKE,P/E,30.98,61.93,20.67,24.72,26.37,24.4,21.27,21.1,17.4,16.71
NTDOY,Year End,2019-03,2018-03,2017-03,2016-03,2015-03,2014-03,2013-03,2012-03,2011-03,2010-03
NTDOY,Revenue,"1,200,560","1,055,682","489,095","504,459","549,780","571,726","635,422","647,652","1,014,345","1,434,365"
NTDOY,NP,"194,009","139,590","102,574","16,505","41,843","-23,222","7,099","-43,204","77,621","228,635"
NTDOY,EPS,201.94,145.29,106.73,17.18,44.19,-22.95,6.94,-42.23,75.87,223.48
NTDOY,DPS,103.47,71.38,53.57,20.02,21.92,12.68,—,16.33,59.59,151.98
NTDOY,Div Payout,43.7,48.0,19.9,108.6,42.4,—,84.9,—,78.5,—
NTDOY,Shares,961,961,961,961,947,"1,012","1,023","1,023","1,023","1,023"
NTDOY,BVPS,13.46,13.09,11.79,11.17,10.58,13.08,12.53,13.81,15.06,—
NTDOY,OCF,"170,529","152,208","19,101","55,190","60,293","-23,114","-40,390","-94,955","78,103","160,337"
NTDOY,NP Margin,16.16,13.22,20.97,3.27,7.61,-4.06,1.12,-6.67,7.65,15.94
NTDOY,ROE,14.22,10.86,8.51,1.42,3.66,-1.98,0.59,-3.49,5.93,17.65
NTDOY,Revenue GR,13.72,115.84,-3.05,-8.24,-3.84,-10.02,-1.89,-36.15,-29.28,—
NTDOY,Revenue GR 3Y avg,33.51,24.29,-5.07,-7.40,-5.31,-17.40,-23.77,-29.38,-15.35,—
NTDOY,Revenue GR 5Y avg,16.00,10.69,-5.46,-13.04,-17.45,-20.83,-17.60,-7.70,14.78,—
NTDOY,Revenue GR 10Y avg,-4.17,-4.50,-6.58,-0.09,0.66,1.05,2.35,1.57,8.18,—
NTDOY,EPS GR,38.99,36.12,521.45,-61.13,—,—,—,—,-66.05,—
NTDOY,EPS GR 3Y avg,127.39,48.70,—,35.26,—,—,-68.57,—,-32.93,—
NTDOY,EPS GR 5Y avg,—,83.73,—,-25.70,-27.69,—,-51.23,—,-4.45,—
NTDOY,EPS GR 10Y avg,-2.96,-5.34,-4.57,-15.75,-6.09,—,-19.44,—,-1.16,—
NTDOY,OCF GR,12.04,696.86,-65.39,-8.46,—,—,—,—,-51.29,—
NTDOY,D/E,—,—,—,—,—,—,—,—,—,—
NTDOY,Price,35.87,55.51,29.02,17.75,18.43,14.89,13.44,18.96,33.74,41.65
NVDA,Year End,2020-01,2019-01,2018-01,2017-01,2016-01,2015-01,2014-01,2013-01,2012-01,2011-01
NVDA,Revenue,"10,918","11,716","9,714","6,910","5,010","4,682","4,130","4,280","3,998","3,543"
NVDA,NP,"2,796","4,141","3,047","1,666",614,631,440,563,581,253
NVDA,EPS,4.52,6.63,4.82,2.57,1.08,1.12,0.74,0.90,0.94,0.43
NVDA,DPS,0.64,0.61,0.57,0.48,0.39,0.34,0.31,0.07,—,—
NVDA,Div Payout,16.4,8.0,13.9,23.5,34.1,33.3,39.0,—,—,—
NVDA,Shares,618,625,632,649,569,563,595,625,616,589
NVDA,BVPS,18.31,15.64,10.48,9.10,8.30,7.72,7.61,7.66,6.77,5.41
NVDA,OCF,"4,761","3,743","3,502","1,672","1,175",906,835,824,909,676
NVDA,NP Margin,25.61,35.34,31.37,24.11,12.26,13.47,10.65,13.14,14.53,7.14
NVDA,ROE,25.95,49.26,46.05,32.57,13.82,14.21,9.48,12.54,15.86,8.66
NVDA,Revenue GR,-6.81,20.61,40.58,37.92,7.02,13.35,-3.50,7.06,12.83,6.52
NVDA,Revenue GR 3Y avg,16.47,32.73,27.55,18.71,5.39,5.40,5.24,8.77,5.29,-4.73
NVDA,Revenue GR 5Y avg,18.45,23.19,17.81,11.57,7.17,7.07,3.82,0.87,5.43,8.32
NVDA,Revenue GR 10Y avg,12.62,13.09,9.01,8.46,7.75,8.82,8.52,8.41,11.31,17.03
NVDA,EPS GR,-31.83,37.55,87.55,137.96,-3.57,51.35,-17.78,-4.26,118.60,—
NVDA,EPS GR 3Y avg,20.71,83.10,62.66,51.44,6.27,6.01,19.84,—,—,-31.02
NVDA,EPS GR 5Y avg,32.19,55.04,39.88,22.28,20.22,—,—,-7.23,4.15,-4.81
NVDA,EPS GR 10Y avg,—,—,13.91,12.85,6.98,19.41,17.83,17.46,10.59,7.51
NVDA,OCF GR,27.20,6.88,109.45,42.30,29.74,8.44,1.33,-9.35,34.53,38.54
NVDA,D/E,0.21,0.21,0.27,0.35,—,0.32,0.31,—,0.01,0.01
NVDA,Price,236.43,143.75,244.87,108.35,28.79,18.57,14.92,11.4,13.64,22.1
NVDA,P/E,52.31,21.68,50.8,42.49,26.66,16.58,20.16,12.67,14.36,53.89
NXPI,Year End,2019-12,2018-12,2017-12,2016-12,2015-12,2014-12,2013-12,2012-12,2011-12,2010-12
NXPI,Revenue,"8,877","9,407","9,256","9,498","6,101","5,647","4,815","4,358","4,194","4,402"
NXPI,NP,243,"2,208","2,215",200,"1,526",539,348,-115,390,-456
NXPI,EPS,0.85,6.72,6.41,0.58,6.10,2.17,1.36,-0.46,1.57,-1.99
NXPI,DPS,1.25,0.50,—,—,—,—,—,—,—,—
NXPI,Div Payout,76.0,3.2,—,—,—,—,—,—,—,—
NXPI,Shares,286,329,346,348,250,249,255,248,249,229
NXPI,BVPS,33.36,36.32,37.37,31.46,2.60,2.33,4.86,4.21,5.39,3.93
NXPI,OCF,"2,373","4,369","2,447","2,303","1,330","1,468",891,722,195,369
NXPI,NP Margin,2.74,23.47,23.93,2.11,25.01,9.54,7.23,-2.64,9.30,-10.36
NXPI,ROE,2.44,18.38,18.11,1.78,25.32,58.62,29.62,-10.48,36.60,-47.60
NXPI,Revenue GR,-5.63,1.63,-2.55,55.68,8.04,17.28,10.49,3.91,-4.73,14.55
NXPI,Revenue GR 3Y avg,-2.23,15.53,17.91,25.41,11.87,10.42,3.03,4.28,-8.32,—
NXPI,Revenue GR 5Y avg,9.47,14.33,16.26,17.76,6.75,8.00,-2.42,—,—,—
NXPI,Revenue GR 10Y avg,8.73,5.62,—,—,—,—,—,—,—,—
NXPI,EPS GR,-87.35,4.84,—,-90.49,181.11,59.56,—,—,—,—
NXPI,EPS GR 3Y avg,13.59,3.28,43.48,-24.73,—,11.45,—,—,—,—
NXPI,EPS GR 5Y avg,-17.09,37.65,—,-18.03,—,—,—,—,—,—
NXPI,EPS GR 10Y avg,—,—,—,—,—,—,—,—,—,—
NXPI,OCF GR,-45.69,78.55,6.25,73.16,-9.40,64.76,23.41,270.26,-47.15,—
NXPI,D/E,0.78,0.59,0.43,0.80,0.75,7.40,2.52,3.04,3.27,4.19
NXPI,Price,127.26,73.28,116.4,97.43,83.75,75.95,45.66,26.17,15.28,0.0
NXPI,P/E,149.72,10.67,18.16,0.0,14.39,35.0,34.07,124.6,9.92,0.0
ORCL,Year End,2019-05,2018-05,2017-05,2016-05,2015-05,2014-05,2013-05,2012-05,2011-05,2010-05
ORCL,Revenue,"39,506","39,831","37,728","37,047","38,226","38,275","37,180","37,121","35,622","26,820"
ORCL,NP,"11,083","3,825","9,335","8,901","9,938","10,955","10,925","9,981","8,547","6,135"
ORCL,EPS,2.97,0.85,2.24,2.07,2.21,2.38,2.26,1.96,1.67,1.21
ORCL,DPS,0.81,0.76,0.64,0.60,0.51,0.48,0.30,0.24,0.21,0.20
ORCL,Div Payout,27.5,88.4,28.4,29.5,20.1,15.1,16.8,12.2,12.6,18.0
ORCL,Shares,"3,732","4,238","4,217","4,305","4,503","4,604","4,844","5,095","5,128","5,073"
ORCL,BVPS,7.06,11.96,12.23,11.10,11.07,10.02,9.33,8.91,7.85,5.67
ORCL,OCF,"14,551","15,386","14,126","13,561","14,336","14,921","14,224","13,743","11,214","8,681"
ORCL,NP Margin,28.05,9.60,24.74,24.03,26.00,28.62,29.38,26.89,23.99,22.87
ORCL,ROE,32.83,7.68,18.46,18.55,20.80,23.94,24.74,23.92,24.22,21.95
ORCL,Revenue GR,-0.82,5.57,1.84,-3.08,-0.13,2.95,0.16,4.21,32.82,15.34
ORCL,Revenue GR 3Y avg,2.17,1.38,-0.48,-0.12,0.98,2.42,11.50,16.87,16.67,14.22
ORCL,Revenue GR 5Y avg,0.64,1.39,0.32,0.79,7.34,10.48,10.64,15.58,19.89,17.85
ORCL,Revenue GR 10Y avg,5.44,5.91,7.68,9.93,12.47,14.19,14.65,14.39,12.61,10.23
ORCL,EPS GR,230.00,-59.28,6.76,-6.33,-7.14,5.31,15.31,17.37,38.02,11.01
ORCL,EPS GR 3Y avg,12.79,-25.88,-2.44,-2.88,4.08,12.53,23.15,21.60,16.36,14.31
ORCL,EPS GR 5Y avg,4.53,-16.82,2.43,4.39,12.80,16.90,16.35,19.33,21.15,17.08
ORCL,EPS GR 10Y avg,10.54,-1.62,10.56,12.46,14.92,16.89,18.05,17.52,14.27,1.43
ORCL,OCF GR,-5.43,8.92,4.17,-5.41,-3.92,4.90,3.50,22.55,29.18,5.16
ORCL,D/E,2.37,1.23,0.89,0.85,0.82,0.48,0.41,0.31,0.37,0.37
ORCL,Price,50.6,45.98,43.98,38.34,40.84,38.98,30.91,23.99,30.77,20.14
ORCL,P/E,16.81,52.26,19.99,18.52,18.4,16.31,13.68,12.18,18.42,16.79
PYPL,Year End,2019-12,2018-12,2017-12,2016-12,2015-12,2014-12,2013-12,2012-12,2011-12,2010-12
PYPL,Revenue,"17,772","15,451","13,094","10,842","9,248","8,025","6,727","5,662",—,—
PYPL,NP,"2,459","2,057","1,795","1,401","1,228",419,955,778,—,—
PYPL,EPS,2.07,1.71,1.47,1.15,1.00,0.34,0.78,0.63,—,—
PYPL,DPS,—,—,—,—,—,—,—,—,—,—
PYPL,Div Payout,—,—,—,—,—,—,—,—,—,—
PYPL,Shares,"1,188","1,203","1,221","1,218","1,229","1,224","1,229","1,229",—,—
PYPL,BVPS,14.05,12.87,12.86,11.76,10.80,—,—,—,—,—
PYPL,OCF,"4,561","5,483","2,531","3,158","2,546","2,220","1,993","1,565",—,—
PYPL,NP Margin,13.84,13.31,13.71,12.92,13.28,5.22,14.20,13.74,—,—
PYPL,ROE,15.24,13.11,11.69,9.84,11.16,5.36,12.92,—,—,—
PYPL,Revenue GR,15.02,18.00,20.77,17.24,15.24,19.30,18.81,—,—,—
PYPL,Revenue GR 3Y avg,17.91,18.66,17.73,17.25,17.77,—,—,—,—,—
PYPL,Revenue GR 5Y avg,17.24,18.09,18.26,—,—,—,—,—,—,—
PYPL,Revenue GR 10Y avg,—,—,—,—,—,—,—,—,—,—
PYPL,EPS GR,21.05,16.33,27.83,15.00,222.58,-60.11,22.75,—,—,—
PYPL,EPS GR 3Y avg,21.64,19.58,68.00,13.96,16.46,—,—,—,—,—
PYPL,EPS GR 5Y avg,46.19,17.09,18.35,—,—,—,—,—,—,—
PYPL,EPS GR 10Y avg,—,—,—,—,—,—,—,—,—,—
PYPL,OCF GR,-16.82,116.63,-19.85,24.04,14.68,11.39,27.35,—,—,—
PYPL,D/E,0.29,—,—,—,—,0.05,0.07,—,—,—
PYPL,Price,108.17,84.09,73.62,39.47,0.0,0.0,0.0,0.0,0.0,0.0
PYPL,P/E,52.26,49.18,50.08,34.03,0.0,0.0,0.0,0.0,0.0,0.0
QCOM,Year End,2019-09,2018-09,2017-09,2016-09,2015-09,2014-09,2013-09,2012-09,2011-09,2010-09
QCOM,Revenue,"24,273","22,732","22,291","23,554","25,281","26,487","24,866","19,121","14,957","10,991"
QCOM,NP,"4,386","-4,864","2,466","5,705","5,271","7,967","6,853","6,109","4,260","3,247"
QCOM,EPS,3.59,-3.39,1.64,3.81,3.22,4.65,3.91,3.51,2.52,1.96
QCOM,DPS,2.48,2.38,2.20,2.02,1.80,1.54,1.20,0.93,0.81,0.72
QCOM,Div Payout,86.7,—,82.8,57.4,47.7,35.4,29.3,30.2,30.0,36.7
QCOM,Shares,"1,220","1,463","1,490","1,498","1,639","1,714","1,754","1,741","1,691","1,658"
QCOM,BVPS,4.77,18.92,21.23,20.76,21.79,23.24,22.30,19.10,16.03,12.94
QCOM,OCF,"7,286","3,895","4,693","7,400","5,506","8,887","8,778","5,998","4,900","4,076"
QCOM,NP Margin,18.07,-21.40,11.06,24.22,20.85,30.08,27.56,31.95,28.48,29.54
QCOM,ROE,150.28,-30.71,7.89,18.05,14.93,21.17,19.69,20.20,17.82,15.77
QCOM,Revenue GR,6.78,1.98,-5.36,-6.83,-4.55,6.52,30.05,27.84,36.08,5.52
QCOM,Revenue GR 3Y avg,1.01,-3.48,-5.59,-1.79,9.76,20.98,31.28,22.44,10.31,7.40
QCOM,Revenue GR 5Y avg,-1.73,-1.78,3.12,9.51,18.13,20.52,17.42,16.60,14.72,14.14
QCOM,Revenue GR 10Y avg,8.83,7.39,9.65,12.09,16.12,18.43,20.14,20.19,18.76,13.14
QCOM,EPS GR,—,—,-56.69,18.32,-30.75,18.93,11.40,39.29,28.57,106.32
QCOM,EPS GR 3Y avg,-1.96,—,-29.20,-0.86,-2.83,22.65,25.88,54.59,9.87,0.17
QCOM,EPS GR 5Y avg,-5.04,—,-14.01,8.62,10.44,37.39,15.53,12.47,11.84,9.24
QCOM,EPS GR 10Y avg,14.22,—,-1.66,10.22,9.84,16.27,22.71,31.91,—,16.52
QCOM,OCF GR,87.06,-17.00,-36.58,34.40,-38.04,1.24,46.35,22.41,20.22,-43.17
QCOM,D/E,2.74,16.56,0.63,0.31,0.32,—,—,—,—,—
QCOM,Price,76.28,69.76,48.42,61.59,46.55,63.06,55.64,50.69,38.84,35.49
QCOM,P/E,21.25,0.0,29.34,16.17,14.55,13.56,14.23,14.44,15.35,18.11
SBUX,Year End,2019-09,2018-09,2017-09,2016-09,2015-09,2014-09,2013-09,2012-09,2011-09,2010-09
SBUX,Revenue,"26,508","24,720","22,386","21,316","19,163","16,447","14,892","13,300","11,700","10,707"
SBUX,NP,"3,599","4,518","2,884","2,817","2,757","2,068",8,"1,383","1,246",946
SBUX,EPS,2.92,3.24,1.97,1.90,1.82,1.35,0.01,0.90,0.81,0.62
SBUX,DPS,1.44,1.26,1.00,0.80,0.64,0.52,0.42,0.34,0.26,0.12
SBUX,Div Payout,51.1,35.8,48.0,42.7,34.3,319.3,38.3,35.6,32.1,18.6
SBUX,Shares,"1,233","1,394","1,462","1,487","1,513","1,526","1,525","1,546","1,539","1,528"
SBUX,BVPS,-3.65,3.05,4.04,3.90,3.94,3.38,3.81,3.59,2.94,2.48
SBUX,OCF,"5,047","11,937","4,174","4,575","3,749",607,"2,908","1,750","1,612","1,705"
SBUX,NP Margin,13.58,18.28,12.89,13.22,14.39,12.57,0.06,10.40,10.65,8.83
SBUX,ROE,—,136.51,50.90,48.16,49.73,42.41,0.17,29.15,30.91,28.14
SBUX,Revenue GR,7.24,10.42,5.02,11.24,16.51,10.45,11.98,13.67,9.27,9.54
SBUX,Revenue GR 3Y avg,7.54,8.86,10.82,12.70,12.95,12.02,11.62,10.81,4.06,4.39
SBUX,Revenue GR 5Y avg,10.02,10.67,10.98,12.75,12.35,10.97,7.48,7.16,8.48,10.95
SBUX,Revenue GR 10Y avg,10.49,9.06,9.05,10.59,11.64,12.00,13.84,14.99,16.01,17.31
SBUX,EPS GR,-9.88,64.47,3.68,4.40,34.32,—,-99.44,10.49,30.65,138.46
SBUX,EPS GR 3Y avg,15.40,21.20,13.29,624.32,26.69,18.71,-79.95,50.99,55.60,12.54
SBUX,EPS GR 5Y avg,16.60,265.02,17.09,18.59,24.03,39.12,-52.87,15.52,17.94,32.38
SBUX,EPS GR 10Y avg,27.36,31.16,16.30,18.26,28.14,19.02,-29.61,20.82,21.56,26.05
SBUX,OCF GR,-57.72,185.98,-8.76,22.03,516.83,-79.10,66.16,8.55,-5.43,22.74
SBUX,D/E,—,7.77,0.72,0.54,0.40,0.39,0.29,0.11,0.13,0.15
SBUX,Price,88.42,56.24,51.94,51.43,53.27,34.88,35.08,22.79,16.52,11.14
SBUX,P/E,30.18,17.52,26.36,27.07,29.27,25.74,31.05,25.46,20.39,17.97
SHOP,Year End,2019-12,2018-12,2017-12,2016-12,2015-12,2014-12,2013-12,2012-12,2011-12,2010-12
SHOP,Revenue,"1,578","1,073",673,389,205,105,50,24,—,—
SHOP,NP,-125,-65,-40,-35,-19,-22,-5,-1,—,—
SHOP,EPS,-1.10,-0.61,-0.42,-0.42,-0.30,-0.34,-0.07,-0.02,—,—
SHOP,DPS,—,—,—,—,—,—,—,—,—,—
SHOP,Div Payout,—,—,—,—,—,—,—,—,—,—
SHOP,Shares,113,106,96,84,62,67,67,66,—,—
SHOP,BVPS,24.22,15.15,9.89,4.60,2.46,—,—,—,—,—
SHOP,OCF,71,9,8,14,16,-1,1,2,—,—
SHOP,NP Margin,-7.91,-6.01,-5.94,-9.08,-9.16,-21.24,-9.63,-5.20,—,—
SHOP,ROE,-4.89,-4.18,-5.67,-11.67,-21.35,—,—,—,—,—
SHOP,Revenue GR,47.05,59.40,72.94,89.70,95.43,108.98,111.92,—,—,—
SHOP,Revenue GR 3Y avg,59.45,73.57,85.77,97.87,105.31,—,—,—,—,—
SHOP,Revenue GR 5Y avg,71.94,84.46,95.27,—,—,—,—,—,—,—
SHOP,Revenue GR 10Y avg,—,—,—,—,—,—,—,—,—,—
SHOP,EPS GR,—,—,—,—,—,—,—,—,—,—
SHOP,EPS GR 3Y avg,—,—,—,—,—,—,—,—,—,—
SHOP,EPS GR 5Y avg,—,—,—,—,—,—,—,—,—,—
SHOP,EPS GR 10Y avg,—,—,—,—,—,—,—,—,—,—
SHOP,OCF GR,657.35,18.01,-43.63,-11.04,—,—,-31.60,—,—,—
SHOP,D/E,0.05,0.01,0.01,0.03,0.05,—,—,—,—,—
SHOP,Price,397.58,138.45,101.0,42.87,0.0,0.0,0.0,0.0,0.0,0.0
SHOP,P/E,0.0,0.0,0.0,0.0,0.0,0.0,0.0,0.0,0.0,0.0
SPOT,Year End,2019-12,2018-12,2017-12,2016-12,2015-12,2014-12,2013-12,2012-12,2011-12,2010-12
SPOT,Revenue,"6,764","5,259","4,090","2,952","1,940",—,—,—,—,—
SPOT,NP,-186,-78,"-1,235",-539,-230,—,—,—,—,—
SPOT,EPS,-1.03,-0.51,-6.93,-3.21,-1.37,—,—,—,—,—
SPOT,DPS,—,—,—,—,—,—,—,—,—,—
SPOT,Div Payout,—,—,—,—,—,—,—,—,—,—
SPOT,Shares,181,181,178,168,168,—,—,—,—,—
SPOT,BVPS,11.80,10.08,—,—,—,—,—,—,—,—
SPOT,OCF,573,344,179,101,-38,—,—,—,—,—
SPOT,NP Margin,-2.75,-1.48,-17.38,-18.26,-11.86,—,—,—,—,—
SPOT,ROE,-9.01,-4.76,-150.96,—,-100.44,—,—,—,—,—
SPOT,Revenue GR,28.62,28.58,38.55,52.16,—,—,—,—,—,—
SPOT,Revenue GR 3Y avg,31.83,39.43,—,—,—,—,—,—,—,—
SPOT,Revenue GR 5Y avg,—,—,—,—,—,—,—,—,—,—
SPOT,Revenue GR 10Y avg,—,—,—,—,—,—,—,—,—,—
SPOT,EPS GR,—,—,—,—,—,—,—,—,—,—
SPOT,EPS GR 3Y avg,—,—,—,—,—,—,—,—,—,—
SPOT,EPS GR 5Y avg,—,—,—,—,—,—,—,—,—,—
SPOT,EPS GR 10Y avg,—,—,—,—,—,—,—,—,—,—
SPOT,OCF GR,66.57,92.18,77.23,—,—,—,—,—,—,—
SPOT,D/E,0.31,—,—,—,—,—,—,—,—,—
SPOT,Price,149.55,0.0,0.0,0.0,0.0,0.0,0.0,0.0,0.0,0.0
SPOT,P/E,0.0,0.0,0.0,0.0,0.0,0.0,0.0,0.0,0.0,0.0
TCEHY,Year End,2019-12,2018-12,2017-12,2016-12,2015-12,2014-12,2013-12,2012-12,2011-12,2010-12
TCEHY,Revenue,"377,289","312,694","237,760","151,938","102,863","78,932","60,437","43,894","28,496","19,646"
TCEHY,NP,"93,310","78,719","71,510","41,095","28,806","23,810","15,502","12,732","10,203","8,054"
TCEHY,EPS,9.64,8.22,7.49,4.32,3.06,2.54,1.66,1.37,1.10,0.87
TCEHY,DPS,0.88,0.74,0.54,0.40,0.29,0.17,0.14,0.11,0.09,0.07
TCEHY,Div Payout,10.1,8.1,8.3,10.0,9.8,7.5,8.9,8.1,8.9,8.1
TCEHY,Shares,"9,603","9,568","9,536","9,494","9,430","9,357","9,341","9,315","9,293","9,305"
TCEHY,BVPS,6.04,4.80,3.76,2.49,1.77,1.29,0.94,0.71,0.43,0.36
TCEHY,OCF,"148,590","106,443","106,140","65,518","45,431","32,711","24,374","19,429","13,358","12,319"
TCEHY,NP Margin,24.73,25.17,30.08,27.05,28.00,30.17,25.65,29.01,35.81,40.99
TCEHY,ROE,24.68,27.16,33.21,27.89,28.80,34.52,31.24,36.50,40.63,47.46
TCEHY,Revenue GR,20.66,31.52,56.48,47.71,30.32,30.60,37.69,54.03,45.05,57.93
TCEHY,Revenue GR 3Y avg,35.42,44.86,44.42,35.97,32.83,40.44,45.44,52.24,58.51,72.60
TCEHY,Revenue GR 5Y avg,36.74,38.92,40.20,39.76,39.25,44.71,53.23,62.95,59.04,68.97
TCEHY,Revenue GR 10Y avg,40.66,45.90,51.15,49.09,53.39,52.72,55.42,—,—,—
TCEHY,EPS GR,17.20,9.72,73.23,41.70,20.04,53.35,21.44,24.46,26.79,55.14
TCEHY,EPS GR 3Y avg,30.60,39.13,43.36,37.66,30.75,32.34,24.21,34.78,53.63,71.86
TCEHY,EPS GR 5Y avg,30.53,37.74,40.56,31.57,28.68,35.45,40.53,51.61,56.49,74.58
TCEHY,EPS GR 10Y avg,32.97,39.13,45.98,43.49,49.88,46.11,42.28,—,—,—
TCEHY,OCF GR,39.60,0.29,62.00,44.21,38.89,34.20,25.45,45.45,8.43,46.69
TCEHY,D/E,0.45,0.43,0.44,0.54,0.42,0.38,0.22,0.23,—,—
TCEHY,Price,48.01,39.47,51.92,24.22,19.62,14.51,12.88,6.53,4.03,4.39
TSLA,Year End,2019-12,2018-12,2017-12,2016-12,2015-12,2014-12,2013-12,2012-12,2011-12,2010-12
TSLA,Revenue,"24,578","21,461","11,759","7,000","4,046","3,198","2,013",413,204,117
TSLA,NP,-862,-976,"-1,961",-675,-889,-294,-74,-396,-254,-154
TSLA,EPS,-4.92,-5.72,-11.83,-4.68,-6.93,-2.36,-0.62,-3.69,-2.53,-3.04
TSLA,DPS,—,—,—,—,—,—,—,—,—,—
TSLA,Div Payout,—,—,—,—,—,—,—,—,—,—
TSLA,Shares,177,171,166,144,128,125,119,107,100,51
TSLA,BVPS,33.36,26.12,27.91,16.59,10.00,7.62,4.58,1.09,2.81,2.18
TSLA,OCF,"2,405","2,098",-61,-124,-524,-57,258,-266,-114,-128
TSLA,NP Margin,-3.51,-4.55,-16.68,-9.64,-21.96,-9.19,-3.68,-95.88,-124.56,-132.19
TSLA,ROE,-14.94,-21.31,-43.63,-23.11,-88.84,-37.25,-18.69,-227.22,-118.03,—
TSLA,Revenue GR,14.52,82.51,67.98,73.01,26.50,58.85,387.23,102.34,74.95,4.29
TSLA,Revenue GR 3Y avg,51.99,74.40,54.34,51.49,113.93,150.18,158.37,54.55,140.18,1069.42
TSLA,Revenue GR 5Y avg,50.36,60.52,95.36,102.76,103.22,95.52,167.35,463.09,—,—
TSLA,Revenue GR 10Y avg,71.46,107.16,231.67,—,—,—,—,—,—,—
TSLA,EPS GR,—,—,—,—,—,—,—,—,—,—
TSLA,EPS GR 3Y avg,—,—,—,—,—,—,—,—,—,—
TSLA,EPS GR 5Y avg,—,—,—,—,—,—,—,—,—,—
TSLA,EPS GR 10Y avg,—,—,—,—,—,—,—,—,—,—
TSLA,OCF GR,14.64,—,—,—,—,—,—,—,—,—
TSLA,D/E,1.90,2.25,2.62,1.54,1.91,2.06,0.90,3.30,1.21,0.35
TSLA,Price,418.33,332.8,311.35,213.69,240.01,222.41,150.43,33.87,28.56,0.0
TSLA,P/E,0.0,0.0,0.0,0.0,0.0,0.0,0.0,0.0,0.0,0.0
TWTR,Year End,2019-12,2018-12,2017-12,2016-12,2015-12,2014-12,2013-12,2012-12,2011-12,2010-12
TWTR,Revenue,"3,459","3,042","2,443","2,530","2,218","1,403",665,317,106,28
TWTR,NP,"1,466","1,206",-108,-457,-521,-578,-645,-79,-128,-67
TWTR,EPS,1.87,1.56,-0.15,-0.65,-0.79,-0.96,-3.41,-0.68,-1.60,-0.15
TWTR,DPS,—,—,—,—,—,—,—,—,—,—
TWTR,Div Payout,—,—,—,—,—,—,—,—,—,—
TWTR,Shares,786,773,733,702,662,605,190,117,103,449
TWTR,BVPS,10.79,8.44,6.47,6.42,6.16,5.49,1.24,—,—,—
TWTR,OCF,"1,303","1,340",831,763,383,82,1,-28,-71,-49
TWTR,NP Margin,42.37,39.63,-4.42,-18.06,-23.49,-41.18,-97.06,-25.05,-154.37,-238.08
TWTR,ROE,18.90,20.34,-2.24,-10.18,-13.03,-17.57,-47.77,—,—,—
TWTR,Revenue GR,13.71,24.52,-3.41,14.05,58.09,111.01,109.79,198.11,275.96,—
TWTR,Revenue GR 3Y avg,11.00,11.11,20.31,56.11,91.28,136.31,186.48,—,—,—
TWTR,Revenue GR 5Y avg,19.78,35.55,50.45,88.49,139.28,—,—,—,—,—
TWTR,Revenue GR 10Y avg,—,—,—,—,—,—,—,—,—,—
TWTR,EPS GR,19.87,—,—,—,—,—,—,—,—,—
TWTR,EPS GR 3Y avg,—,—,—,—,—,—,—,—,—,—
TWTR,EPS GR 5Y avg,—,—,—,—,—,—,—,—,—,—
TWTR,EPS GR 10Y avg,—,—,—,—,—,—,—,—,—,—
TWTR,OCF GR,-2.71,61.18,8.93,99.20,368.32,—,—,—,—,—
TWTR,D/E,0.36,0.26,0.34,0.35,0.35,0.41,0.04,—,—,—
TWTR,Price,32.05,28.74,24.01,16.3,23.14,35.87,0.0,0.0,0.0,0.0
TWTR,P/E,17.05,18.42,0.0,0.0,0.0,0.0,0.0,0.0,0.0,0.0
UBER,Year End,2019-12,2018-12,2017-12,2016-12,2015-12,2014-12,2013-12,2012-12,2011-12,2010-12
UBER,Revenue,"14,147","11,270","7,932","3,845",—,—,—,—,—,—
UBER,NP,"-8,506",997,"-4,033",-370,—,—,—,—,—,—
UBER,EPS,-6.81,—,-2.76,-0.25,—,—,—,—,—,—
UBER,DPS,—,—,—,—,—,—,—,—,—,—
UBER,Div Payout,—,—,—,—,—,—,—,—,—,—
UBER,Shares,"1,248","1,526","1,526","1,526",—,—,—,—,—,—
UBER,BVPS,8.77,—,—,—,—,—,—,—,—,—
UBER,OCF,"-4,321","-1,541","-1,418","-2,913",—,—,—,—,—,—
UBER,NP Margin,-60.13,17.20,-50.84,-9.62,—,—,—,—,—,—
UBER,ROE,-69.37,218.24,—,—,—,—,—,—,—,—
UBER,Revenue GR,25.53,42.08,106.29,—,—,—,—,—,—,—
UBER,Revenue GR 3Y avg,54.38,—,—,—,—,—,—,—,—,—
UBER,Revenue GR 5Y avg,—,—,—,—,—,—,—,—,—,—
UBER,Revenue GR 10Y avg,—,—,—,—,—,—,—,—,—,—
UBER,EPS GR,—,—,—,—,—,—,—,—,—,—
UBER,EPS GR 3Y avg,—,—,—,—,—,—,—,—,—,—
UBER,EPS GR 5Y avg,—,—,—,—,—,—,—,—,—,—
UBER,EPS GR 10Y avg,—,—,—,—,—,—,—,—,—,—
UBER,OCF GR,—,—,—,—,—,—,—,—,—,—
UBER,D/E,0.51,0.44,—,—,—,—,—,—,—,—
UBER,Price,29.74,0.0,0.0,0.0,0.0,0.0,0.0,0.0,0.0,0.0
V,Year End,2019-09,2018-09,2017-09,2016-09,2015-09,2014-09,2013-09,2012-09,2011-09,2010-09
V,Revenue,"22,977","20,609","18,358","15,082","13,880","12,702","11,778","10,421","9,188","8,065"
V,NP,"12,080","10,301","6,699","5,991","6,328","5,438","4,980","2,144","3,650","2,966"
V,EPS,5.32,4.42,2.80,2.48,2.58,2.16,1.90,0.79,1.29,1.00
V,DPS,1.00,0.82,0.66,0.56,0.48,0.40,0.33,0.22,0.15,0.13
V,Div Payout,18.5,19.1,23.6,23.4,19.2,17.5,14.7,40.9,11.6,12.5
V,Shares,"2,272","2,329","2,395","2,414","2,457","2,523","2,624","2,712","2,828","2,956"
V,BVPS,13.26,12.58,11.31,11.28,11.79,11.07,10.64,9.82,9.92,9.07
V,OCF,"12,784","12,713","9,208","5,574","6,584","7,205","3,022","5,009","3,872","2,691"
V,NP Margin,52.57,48.24,35.23,39.31,45.48,42.68,42.12,20.51,39.73,36.78
V,ROE,41.83,35.65,23.76,20.79,22.05,19.97,18.21,7.91,14.19,12.31
V,Revenue GR,11.49,12.26,21.72,8.66,9.27,7.85,13.02,13.42,13.92,16.70
V,Revenue GR 3Y avg,15.07,14.08,13.06,8.59,10.03,11.40,13.45,14.67,13.63,30.97
V,Revenue GR 5Y avg,12.59,11.84,11.99,10.42,11.47,12.94,13.46,23.76,25.53,22.20
V,Revenue GR 10Y avg,12.77,12.65,17.73,17.73,17.61,—,19.52,—,—,—
V,EPS GR,20.36,57.86,12.90,-3.88,19.72,13.57,140.19,-38.76,28.68,29.35
V,EPS GR 3Y avg,28.97,19.66,9.12,9.33,48.36,18.65,23.70,0.64,75.17,—
V,EPS GR 5Y avg,19.81,18.43,28.80,13.97,20.81,22.70,51.21,—,51.88,—
V,EPS GR 10Y avg,21.24,33.82,—,31.56,—,—,—,—,—,—
V,OCF GR,0.56,38.06,65.20,-15.34,-8.62,138.42,-39.67,29.36,43.89,382.26
V,D/E,0.57,0.58,0.61,0.58,—,—,—,—,—,—
V,Price,172.01,149.56,104.18,81.27,67.96,51.68,45.93,32.01,20.28,17.43
V,P/E,32.33,33.91,37.21,32.9,26.42,24.01,24.24,40.91,15.72,17.39
WORK,Year End,2020-01,2019-01,2018-01,2017-01,2016-01,2015-01,2014-01,2013-01,2012-01,2011-01
WORK,Revenue,630,401,221,105,—,—,—,—,—,—
WORK,NP,-571,-141,-140,-147,—,—,—,—,—,—
WORK,EPS,-1.43,-0.27,-0.34,-0.28,—,—,—,—,—,—
WORK,DPS,—,—,—,—,—,—,—,—,—,—
WORK,Div Payout,—,—,—,—,—,—,—,—,—,—
WORK,Shares,399,525,525,517,—,—,—,—,—,—
WORK,BVPS,1.32,—,—,—,—,—,—,—,—,—
WORK,OCF,-12,-41,-36,-90,—,—,—,—,—,—
WORK,NP Margin,-90.58,-35.12,-82.06,-139.67,—,—,—,—,—,—
WORK,ROE,-769.65,—,—,—,—,—,—,—,—,—
WORK,Revenue GR,57.39,81.62,109.74,—,—,—,—,—,—,—
WORK,Revenue GR 3Y avg,81.66,—,—,—,—,—,—,—,—,—
WORK,Revenue GR 5Y avg,—,—,—,—,—,—,—,—,—,—
WORK,Revenue GR 10Y avg,—,—,—,—,—,—,—,—,—,—
WORK,EPS GR,—,—,—,—,—,—,—,—,—,—
WORK,EPS GR 3Y avg,—,—,—,—,—,—,—,—,—,—
WORK,EPS GR 5Y avg,—,—,—,—,—,—,—,—,—,—
WORK,EPS GR 10Y avg,—,—,—,—,—,—,—,—,—,—
WORK,OCF GR,—,—,—,—,—,—,—,—,—,—
WORK,D/E,0.28,—,—,—,—,—,—,—,—,—
WORK,Price,20.73,0.0,0.0,0.0,0.0,0.0,0.0,0.0,0.0,0.0
ZM,Year End,2020-01,2019-01,2018-01,2017-01,2016-01,2015-01,2014-01,2013-01,2012-01,2011-01
ZM,Revenue,623,331,151,61,—,—,—,—,—,—
ZM,NP,25,8,-4,—,—,—,—,—,—,—
ZM,EPS,0.09,—,-0.03,—,—,—,—,—,—,—
ZM,DPS,—,—,—,—,—,—,—,—,—,—
ZM,Div Payout,—,—,—,—,—,—,—,—,—,—
ZM,Shares,254,258,269,269,—,—,—,—,—,—
ZM,BVPS,2.77,—,—,—,—,—,—,—,—,—
ZM,OCF,152,51,19,9,—,—,—,—,—,—
ZM,NP Margin,3.49,2.29,-5.43,-0.02,—,—,—,—,—,—
ZM,ROE,4.34,10.78,—,—,—,—,—,—,—,—
ZM,Revenue GR,88.39,118.19,149.07,—,—,—,—,—,—,—
ZM,Revenue GR 3Y avg,117.14,—,—,—,—,—,—,—,—,—
ZM,Revenue GR 5Y avg,—,—,—,—,—,—,—,—,—,—
ZM,Revenue GR 10Y avg,—,—,—,—,—,—,—,—,—,—
ZM,EPS GR,200.00,—,—,—,—,—,—,—,—,—
ZM,EPS GR 3Y avg,—,—,—,—,—,—,—,—,—,—
ZM,EPS GR 5Y avg,—,—,—,—,—,—,—,—,—,—
ZM,EPS GR 10Y avg,—,—,—,—,—,—,—,—,—,—
ZM,OCF GR,195.90,164.24,107.52,—,—,—,—,—,—,—
ZM,D/E,0.08,—,—,—,—,—,—,—,—,—
ZM,Price,76.3,0.0,0.0,0.0,0.0,0.0,0.0,0.0,0.0,0.0
ZM,P/E,953.75,0.0,0.0,0.0,0.0,0.0,0.0,0.0,0.0,0.0
